solid sph
  facet normal -0.000000000e+00 0.000000000e+00 0.000000000e+00
    outer loop
      vertex 0.000000000e+00 1.000000000e+00 0.000000000e+00
      vertex 1.950903220e-01 9.807852804e-01 0.000000000e+00
      vertex 0.000000000e+00 1.000000000e+00 0.000000000e+00
    endloop
  endfacet
  facet normal 9.799851621e-02 9.949956328e-01 1.949311686e-02
    outer loop
      vertex 1.950903220e-01 9.807852804e-01 0.000000000e+00
      vertex 1.802399555e-01 9.807852804e-01 7.465783405e-02
      vertex 0.000000000e+00 1.000000000e+00 0.000000000e+00
    endloop
  endfacet
  facet normal -0.000000000e+00 0.000000000e+00 0.000000000e+00
    outer loop
      vertex 0.000000000e+00 1.000000000e+00 0.000000000e+00
      vertex 1.802399555e-01 9.807852804e-01 7.465783405e-02
      vertex 0.000000000e+00 1.000000000e+00 0.000000000e+00
    endloop
  endfacet
  facet normal 8.307913047e-02 9.949956328e-01 5.551170024e-02
    outer loop
      vertex 1.802399555e-01 9.807852804e-01 7.465783405e-02
      vertex 1.379496896e-01 9.807852804e-01 1.379496896e-01
      vertex 0.000000000e+00 1.000000000e+00 0.000000000e+00
    endloop
  endfacet
  facet normal -0.000000000e+00 0.000000000e+00 0.000000000e+00
    outer loop
      vertex 0.000000000e+00 1.000000000e+00 0.000000000e+00
      vertex 1.379496896e-01 9.807852804e-01 1.379496896e-01
      vertex 0.000000000e+00 1.000000000e+00 0.000000000e+00
    endloop
  endfacet
  facet normal 5.551170024e-02 9.949956328e-01 8.307913047e-02
    outer loop
      vertex 1.379496896e-01 9.807852804e-01 1.379496896e-01
      vertex 7.465783405e-02 9.807852804e-01 1.802399555e-01
      vertex 0.000000000e+00 1.000000000e+00 0.000000000e+00
    endloop
  endfacet
  facet normal -0.000000000e+00 0.000000000e+00 0.000000000e+00
    outer loop
      vertex 0.000000000e+00 1.000000000e+00 0.000000000e+00
      vertex 7.465783405e-02 9.807852804e-01 1.802399555e-01
      vertex 0.000000000e+00 1.000000000e+00 0.000000000e+00
    endloop
  endfacet
  facet normal 1.949311686e-02 9.949956328e-01 9.799851621e-02
    outer loop
      vertex 7.465783405e-02 9.807852804e-01 1.802399555e-01
      vertex 1.194583692e-17 9.807852804e-01 1.950903220e-01
      vertex 0.000000000e+00 1.000000000e+00 0.000000000e+00
    endloop
  endfacet
  facet normal -0.000000000e+00 -0.000000000e+00 0.000000000e+00
    outer loop
      vertex 0.000000000e+00 1.000000000e+00 0.000000000e+00
      vertex 1.194583692e-17 9.807852804e-01 1.950903220e-01
      vertex -0.000000000e+00 1.000000000e+00 0.000000000e+00
    endloop
  endfacet
  facet normal -1.949311686e-02 9.949956328e-01 9.799851621e-02
    outer loop
      vertex 1.194583692e-17 9.807852804e-01 1.950903220e-01
      vertex -7.465783405e-02 9.807852804e-01 1.802399555e-01
      vertex -0.000000000e+00 1.000000000e+00 0.000000000e+00
    endloop
  endfacet
  facet normal -0.000000000e+00 0.000000000e+00 0.000000000e+00
    outer loop
      vertex -0.000000000e+00 1.000000000e+00 0.000000000e+00
      vertex -7.465783405e-02 9.807852804e-01 1.802399555e-01
      vertex -0.000000000e+00 1.000000000e+00 0.000000000e+00
    endloop
  endfacet
  facet normal -5.551170024e-02 9.949956328e-01 8.307913047e-02
    outer loop
      vertex -7.465783405e-02 9.807852804e-01 1.802399555e-01
      vertex -1.379496896e-01 9.807852804e-01 1.379496896e-01
      vertex -0.000000000e+00 1.000000000e+00 0.000000000e+00
    endloop
  endfacet
  facet normal -0.000000000e+00 0.000000000e+00 0.000000000e+00
    outer loop
      vertex -0.000000000e+00 1.000000000e+00 0.000000000e+00
      vertex -1.379496896e-01 9.807852804e-01 1.379496896e-01
      vertex -0.000000000e+00 1.000000000e+00 0.000000000e+00
    endloop
  endfacet
  facet normal -8.307913047e-02 9.949956328e-01 5.551170024e-02
    outer loop
      vertex -1.379496896e-01 9.807852804e-01 1.379496896e-01
      vertex -1.802399555e-01 9.807852804e-01 7.465783405e-02
      vertex -0.000000000e+00 1.000000000e+00 0.000000000e+00
    endloop
  endfacet
  facet normal -0.000000000e+00 0.000000000e+00 0.000000000e+00
    outer loop
      vertex -0.000000000e+00 1.000000000e+00 0.000000000e+00
      vertex -1.802399555e-01 9.807852804e-01 7.465783405e-02
      vertex -0.000000000e+00 1.000000000e+00 0.000000000e+00
    endloop
  endfacet
  facet normal -9.799851621e-02 9.949956328e-01 1.949311686e-02
    outer loop
      vertex -1.802399555e-01 9.807852804e-01 7.465783405e-02
      vertex -1.950903220e-01 9.807852804e-01 2.389167384e-17
      vertex -0.000000000e+00 1.000000000e+00 0.000000000e+00
    endloop
  endfacet
  facet normal 0.000000000e+00 0.000000000e+00 0.000000000e+00
    outer loop
      vertex -0.000000000e+00 1.000000000e+00 0.000000000e+00
      vertex -1.950903220e-01 9.807852804e-01 2.389167384e-17
      vertex -0.000000000e+00 1.000000000e+00 -0.000000000e+00
    endloop
  endfacet
  facet normal -9.799851621e-02 9.949956328e-01 -1.949311686e-02
    outer loop
      vertex -1.950903220e-01 9.807852804e-01 2.389167384e-17
      vertex -1.802399555e-01 9.807852804e-01 -7.465783405e-02
      vertex -0.000000000e+00 1.000000000e+00 -0.000000000e+00
    endloop
  endfacet
  facet normal 0.000000000e+00 0.000000000e+00 0.000000000e+00
    outer loop
      vertex -0.000000000e+00 1.000000000e+00 -0.000000000e+00
      vertex -1.802399555e-01 9.807852804e-01 -7.465783405e-02
      vertex -0.000000000e+00 1.000000000e+00 -0.000000000e+00
    endloop
  endfacet
  facet normal -8.307913047e-02 9.949956328e-01 -5.551170024e-02
    outer loop
      vertex -1.802399555e-01 9.807852804e-01 -7.465783405e-02
      vertex -1.379496896e-01 9.807852804e-01 -1.379496896e-01
      vertex -0.000000000e+00 1.000000000e+00 -0.000000000e+00
    endloop
  endfacet
  facet normal 0.000000000e+00 0.000000000e+00 0.000000000e+00
    outer loop
      vertex -0.000000000e+00 1.000000000e+00 -0.000000000e+00
      vertex -1.379496896e-01 9.807852804e-01 -1.379496896e-01
      vertex -0.000000000e+00 1.000000000e+00 -0.000000000e+00
    endloop
  endfacet
  facet normal -5.551170024e-02 9.949956328e-01 -8.307913047e-02
    outer loop
      vertex -1.379496896e-01 9.807852804e-01 -1.379496896e-01
      vertex -7.465783405e-02 9.807852804e-01 -1.802399555e-01
      vertex -0.000000000e+00 1.000000000e+00 -0.000000000e+00
    endloop
  endfacet
  facet normal 0.000000000e+00 0.000000000e+00 0.000000000e+00
    outer loop
      vertex -0.000000000e+00 1.000000000e+00 -0.000000000e+00
      vertex -7.465783405e-02 9.807852804e-01 -1.802399555e-01
      vertex -0.000000000e+00 1.000000000e+00 -0.000000000e+00
    endloop
  endfacet
  facet normal -1.949311686e-02 9.949956328e-01 -9.799851621e-02
    outer loop
      vertex -7.465783405e-02 9.807852804e-01 -1.802399555e-01
      vertex -3.583751076e-17 9.807852804e-01 -1.950903220e-01
      vertex -0.000000000e+00 1.000000000e+00 -0.000000000e+00
    endloop
  endfacet
  facet normal 0.000000000e+00 0.000000000e+00 0.000000000e+00
    outer loop
      vertex -0.000000000e+00 1.000000000e+00 -0.000000000e+00
      vertex -3.583751076e-17 9.807852804e-01 -1.950903220e-01
      vertex 0.000000000e+00 1.000000000e+00 -0.000000000e+00
    endloop
  endfacet
  facet normal 1.949311686e-02 9.949956328e-01 -9.799851621e-02
    outer loop
      vertex -3.583751076e-17 9.807852804e-01 -1.950903220e-01
      vertex 7.465783405e-02 9.807852804e-01 -1.802399555e-01
      vertex 0.000000000e+00 1.000000000e+00 -0.000000000e+00
    endloop
  endfacet
  facet normal 0.000000000e+00 -0.000000000e+00 0.000000000e+00
    outer loop
      vertex 0.000000000e+00 1.000000000e+00 -0.000000000e+00
      vertex 7.465783405e-02 9.807852804e-01 -1.802399555e-01
      vertex 0.000000000e+00 1.000000000e+00 -0.000000000e+00
    endloop
  endfacet
  facet normal 5.551170024e-02 9.949956328e-01 -8.307913047e-02
    outer loop
      vertex 7.465783405e-02 9.807852804e-01 -1.802399555e-01
      vertex 1.379496896e-01 9.807852804e-01 -1.379496896e-01
      vertex 0.000000000e+00 1.000000000e+00 -0.000000000e+00
    endloop
  endfacet
  facet normal 0.000000000e+00 -0.000000000e+00 0.000000000e+00
    outer loop
      vertex 0.000000000e+00 1.000000000e+00 -0.000000000e+00
      vertex 1.379496896e-01 9.807852804e-01 -1.379496896e-01
      vertex 0.000000000e+00 1.000000000e+00 -0.000000000e+00
    endloop
  endfacet
  facet normal 8.307913047e-02 9.949956328e-01 -5.551170024e-02
    outer loop
      vertex 1.379496896e-01 9.807852804e-01 -1.379496896e-01
      vertex 1.802399555e-01 9.807852804e-01 -7.465783405e-02
      vertex 0.000000000e+00 1.000000000e+00 -0.000000000e+00
    endloop
  endfacet
  facet normal 0.000000000e+00 -0.000000000e+00 0.000000000e+00
    outer loop
      vertex 0.000000000e+00 1.000000000e+00 -0.000000000e+00
      vertex 1.802399555e-01 9.807852804e-01 -7.465783405e-02
      vertex 0.000000000e+00 1.000000000e+00 -0.000000000e+00
    endloop
  endfacet
  facet normal 9.799851621e-02 9.949956328e-01 -1.949311686e-02
    outer loop
      vertex 1.802399555e-01 9.807852804e-01 -7.465783405e-02
      vertex 1.950903220e-01 9.807852804e-01 -4.778334768e-17
      vertex 0.000000000e+00 1.000000000e+00 -0.000000000e+00
    endloop
  endfacet
  facet normal 2.898019725e-01 9.553490713e-01 5.764519642e-02
    outer loop
      vertex 1.950903220e-01 9.807852804e-01 0.000000000e+00
      vertex 3.826834324e-01 9.238795325e-01 0.000000000e+00
      vertex 1.802399555e-01 9.807852804e-01 7.465783405e-02
    endloop
  endfacet
  facet normal 2.898019725e-01 9.553490713e-01 5.764519642e-02
    outer loop
      vertex 3.826834324e-01 9.238795325e-01 0.000000000e+00
      vertex 3.535533906e-01 9.238795325e-01 1.464466094e-01
      vertex 1.802399555e-01 9.807852804e-01 7.465783405e-02
    endloop
  endfacet
  facet normal 2.456822492e-01 9.553490713e-01 1.641596306e-01
    outer loop
      vertex 1.802399555e-01 9.807852804e-01 7.465783405e-02
      vertex 3.535533906e-01 9.238795325e-01 1.464466094e-01
      vertex 1.379496896e-01 9.807852804e-01 1.379496896e-01
    endloop
  endfacet
  facet normal 2.456822492e-01 9.553490713e-01 1.641596306e-01
    outer loop
      vertex 3.535533906e-01 9.238795325e-01 1.464466094e-01
      vertex 2.705980501e-01 9.238795325e-01 2.705980501e-01
      vertex 1.379496896e-01 9.807852804e-01 1.379496896e-01
    endloop
  endfacet
  facet normal 1.641596306e-01 9.553490713e-01 2.456822492e-01
    outer loop
      vertex 1.379496896e-01 9.807852804e-01 1.379496896e-01
      vertex 2.705980501e-01 9.238795325e-01 2.705980501e-01
      vertex 7.465783405e-02 9.807852804e-01 1.802399555e-01
    endloop
  endfacet
  facet normal 1.641596306e-01 9.553490713e-01 2.456822492e-01
    outer loop
      vertex 2.705980501e-01 9.238795325e-01 2.705980501e-01
      vertex 1.464466094e-01 9.238795325e-01 3.535533906e-01
      vertex 7.465783405e-02 9.807852804e-01 1.802399555e-01
    endloop
  endfacet
  facet normal 5.764519642e-02 9.553490713e-01 2.898019725e-01
    outer loop
      vertex 7.465783405e-02 9.807852804e-01 1.802399555e-01
      vertex 1.464466094e-01 9.238795325e-01 3.535533906e-01
      vertex 1.194583692e-17 9.807852804e-01 1.950903220e-01
    endloop
  endfacet
  facet normal 5.764519642e-02 9.553490713e-01 2.898019725e-01
    outer loop
      vertex 1.464466094e-01 9.238795325e-01 3.535533906e-01
      vertex 2.343260203e-17 9.238795325e-01 3.826834324e-01
      vertex 1.194583692e-17 9.807852804e-01 1.950903220e-01
    endloop
  endfacet
  facet normal -5.764519642e-02 9.553490713e-01 2.898019725e-01
    outer loop
      vertex 1.194583692e-17 9.807852804e-01 1.950903220e-01
      vertex 2.343260203e-17 9.238795325e-01 3.826834324e-01
      vertex -7.465783405e-02 9.807852804e-01 1.802399555e-01
    endloop
  endfacet
  facet normal -5.764519642e-02 9.553490713e-01 2.898019725e-01
    outer loop
      vertex 2.343260203e-17 9.238795325e-01 3.826834324e-01
      vertex -1.464466094e-01 9.238795325e-01 3.535533906e-01
      vertex -7.465783405e-02 9.807852804e-01 1.802399555e-01
    endloop
  endfacet
  facet normal -1.641596306e-01 9.553490713e-01 2.456822492e-01
    outer loop
      vertex -7.465783405e-02 9.807852804e-01 1.802399555e-01
      vertex -1.464466094e-01 9.238795325e-01 3.535533906e-01
      vertex -1.379496896e-01 9.807852804e-01 1.379496896e-01
    endloop
  endfacet
  facet normal -1.641596306e-01 9.553490713e-01 2.456822492e-01
    outer loop
      vertex -1.464466094e-01 9.238795325e-01 3.535533906e-01
      vertex -2.705980501e-01 9.238795325e-01 2.705980501e-01
      vertex -1.379496896e-01 9.807852804e-01 1.379496896e-01
    endloop
  endfacet
  facet normal -2.456822492e-01 9.553490713e-01 1.641596306e-01
    outer loop
      vertex -1.379496896e-01 9.807852804e-01 1.379496896e-01
      vertex -2.705980501e-01 9.238795325e-01 2.705980501e-01
      vertex -1.802399555e-01 9.807852804e-01 7.465783405e-02
    endloop
  endfacet
  facet normal -2.456822492e-01 9.553490713e-01 1.641596306e-01
    outer loop
      vertex -2.705980501e-01 9.238795325e-01 2.705980501e-01
      vertex -3.535533906e-01 9.238795325e-01 1.464466094e-01
      vertex -1.802399555e-01 9.807852804e-01 7.465783405e-02
    endloop
  endfacet
  facet normal -2.898019725e-01 9.553490713e-01 5.764519642e-02
    outer loop
      vertex -1.802399555e-01 9.807852804e-01 7.465783405e-02
      vertex -3.535533906e-01 9.238795325e-01 1.464466094e-01
      vertex -1.950903220e-01 9.807852804e-01 2.389167384e-17
    endloop
  endfacet
  facet normal -2.898019725e-01 9.553490713e-01 5.764519642e-02
    outer loop
      vertex -3.535533906e-01 9.238795325e-01 1.464466094e-01
      vertex -3.826834324e-01 9.238795325e-01 4.686520405e-17
      vertex -1.950903220e-01 9.807852804e-01 2.389167384e-17
    endloop
  endfacet
  facet normal -2.898019725e-01 9.553490713e-01 -5.764519642e-02
    outer loop
      vertex -1.950903220e-01 9.807852804e-01 2.389167384e-17
      vertex -3.826834324e-01 9.238795325e-01 4.686520405e-17
      vertex -1.802399555e-01 9.807852804e-01 -7.465783405e-02
    endloop
  endfacet
  facet normal -2.898019725e-01 9.553490713e-01 -5.764519642e-02
    outer loop
      vertex -3.826834324e-01 9.238795325e-01 4.686520405e-17
      vertex -3.535533906e-01 9.238795325e-01 -1.464466094e-01
      vertex -1.802399555e-01 9.807852804e-01 -7.465783405e-02
    endloop
  endfacet
  facet normal -2.456822492e-01 9.553490713e-01 -1.641596306e-01
    outer loop
      vertex -1.802399555e-01 9.807852804e-01 -7.465783405e-02
      vertex -3.535533906e-01 9.238795325e-01 -1.464466094e-01
      vertex -1.379496896e-01 9.807852804e-01 -1.379496896e-01
    endloop
  endfacet
  facet normal -2.456822492e-01 9.553490713e-01 -1.641596306e-01
    outer loop
      vertex -3.535533906e-01 9.238795325e-01 -1.464466094e-01
      vertex -2.705980501e-01 9.238795325e-01 -2.705980501e-01
      vertex -1.379496896e-01 9.807852804e-01 -1.379496896e-01
    endloop
  endfacet
  facet normal -1.641596306e-01 9.553490713e-01 -2.456822492e-01
    outer loop
      vertex -1.379496896e-01 9.807852804e-01 -1.379496896e-01
      vertex -2.705980501e-01 9.238795325e-01 -2.705980501e-01
      vertex -7.465783405e-02 9.807852804e-01 -1.802399555e-01
    endloop
  endfacet
  facet normal -1.641596306e-01 9.553490713e-01 -2.456822492e-01
    outer loop
      vertex -2.705980501e-01 9.238795325e-01 -2.705980501e-01
      vertex -1.464466094e-01 9.238795325e-01 -3.535533906e-01
      vertex -7.465783405e-02 9.807852804e-01 -1.802399555e-01
    endloop
  endfacet
  facet normal -5.764519642e-02 9.553490713e-01 -2.898019725e-01
    outer loop
      vertex -7.465783405e-02 9.807852804e-01 -1.802399555e-01
      vertex -1.464466094e-01 9.238795325e-01 -3.535533906e-01
      vertex -3.583751076e-17 9.807852804e-01 -1.950903220e-01
    endloop
  endfacet
  facet normal -5.764519642e-02 9.553490713e-01 -2.898019725e-01
    outer loop
      vertex -1.464466094e-01 9.238795325e-01 -3.535533906e-01
      vertex -7.029780608e-17 9.238795325e-01 -3.826834324e-01
      vertex -3.583751076e-17 9.807852804e-01 -1.950903220e-01
    endloop
  endfacet
  facet normal 5.764519642e-02 9.553490713e-01 -2.898019725e-01
    outer loop
      vertex -3.583751076e-17 9.807852804e-01 -1.950903220e-01
      vertex -7.029780608e-17 9.238795325e-01 -3.826834324e-01
      vertex 7.465783405e-02 9.807852804e-01 -1.802399555e-01
    endloop
  endfacet
  facet normal 5.764519642e-02 9.553490713e-01 -2.898019725e-01
    outer loop
      vertex -7.029780608e-17 9.238795325e-01 -3.826834324e-01
      vertex 1.464466094e-01 9.238795325e-01 -3.535533906e-01
      vertex 7.465783405e-02 9.807852804e-01 -1.802399555e-01
    endloop
  endfacet
  facet normal 1.641596306e-01 9.553490713e-01 -2.456822492e-01
    outer loop
      vertex 7.465783405e-02 9.807852804e-01 -1.802399555e-01
      vertex 1.464466094e-01 9.238795325e-01 -3.535533906e-01
      vertex 1.379496896e-01 9.807852804e-01 -1.379496896e-01
    endloop
  endfacet
  facet normal 1.641596306e-01 9.553490713e-01 -2.456822492e-01
    outer loop
      vertex 1.464466094e-01 9.238795325e-01 -3.535533906e-01
      vertex 2.705980501e-01 9.238795325e-01 -2.705980501e-01
      vertex 1.379496896e-01 9.807852804e-01 -1.379496896e-01
    endloop
  endfacet
  facet normal 2.456822492e-01 9.553490713e-01 -1.641596306e-01
    outer loop
      vertex 1.379496896e-01 9.807852804e-01 -1.379496896e-01
      vertex 2.705980501e-01 9.238795325e-01 -2.705980501e-01
      vertex 1.802399555e-01 9.807852804e-01 -7.465783405e-02
    endloop
  endfacet
  facet normal 2.456822492e-01 9.553490713e-01 -1.641596306e-01
    outer loop
      vertex 2.705980501e-01 9.238795325e-01 -2.705980501e-01
      vertex 3.535533906e-01 9.238795325e-01 -1.464466094e-01
      vertex 1.802399555e-01 9.807852804e-01 -7.465783405e-02
    endloop
  endfacet
  facet normal 2.898019725e-01 9.553490713e-01 -5.764519642e-02
    outer loop
      vertex 1.802399555e-01 9.807852804e-01 -7.465783405e-02
      vertex 3.535533906e-01 9.238795325e-01 -1.464466094e-01
      vertex 1.950903220e-01 9.807852804e-01 -4.778334768e-17
    endloop
  endfacet
  facet normal 2.898019725e-01 9.553490713e-01 -5.764519642e-02
    outer loop
      vertex 3.535533906e-01 9.238795325e-01 -1.464466094e-01
      vertex 3.826834324e-01 9.238795325e-01 -9.373040811e-17
      vertex 1.950903220e-01 9.807852804e-01 -4.778334768e-17
    endloop
  endfacet
  facet normal 4.693379993e-01 8.780696374e-01 9.335713255e-02
    outer loop
      vertex 3.826834324e-01 9.238795325e-01 0.000000000e+00
      vertex 5.555702330e-01 8.314696123e-01 0.000000000e+00
      vertex 3.535533906e-01 9.238795325e-01 1.464466094e-01
    endloop
  endfacet
  facet normal 4.693379993e-01 8.780696374e-01 9.335713255e-02
    outer loop
      vertex 5.555702330e-01 8.314696123e-01 0.000000000e+00
      vertex 5.132799672e-01 8.314696123e-01 2.126075237e-01
      vertex 3.535533906e-01 9.238795325e-01 1.464466094e-01
    endloop
  endfacet
  facet normal 3.978855435e-01 8.780696374e-01 2.658586205e-01
    outer loop
      vertex 3.535533906e-01 9.238795325e-01 1.464466094e-01
      vertex 5.132799672e-01 8.314696123e-01 2.126075237e-01
      vertex 2.705980501e-01 9.238795325e-01 2.705980501e-01
    endloop
  endfacet
  facet normal 3.978855435e-01 8.780696374e-01 2.658586205e-01
    outer loop
      vertex 5.132799672e-01 8.314696123e-01 2.126075237e-01
      vertex 3.928474792e-01 8.314696123e-01 3.928474792e-01
      vertex 2.705980501e-01 9.238795325e-01 2.705980501e-01
    endloop
  endfacet
  facet normal 2.658586205e-01 8.780696374e-01 3.978855435e-01
    outer loop
      vertex 2.705980501e-01 9.238795325e-01 2.705980501e-01
      vertex 3.928474792e-01 8.314696123e-01 3.928474792e-01
      vertex 1.464466094e-01 9.238795325e-01 3.535533906e-01
    endloop
  endfacet
  facet normal 2.658586205e-01 8.780696374e-01 3.978855435e-01
    outer loop
      vertex 3.928474792e-01 8.314696123e-01 3.928474792e-01
      vertex 2.126075237e-01 8.314696123e-01 5.132799672e-01
      vertex 1.464466094e-01 9.238795325e-01 3.535533906e-01
    endloop
  endfacet
  facet normal 9.335713255e-02 8.780696374e-01 4.693379993e-01
    outer loop
      vertex 1.464466094e-01 9.238795325e-01 3.535533906e-01
      vertex 2.126075237e-01 8.314696123e-01 5.132799672e-01
      vertex 2.343260203e-17 9.238795325e-01 3.826834324e-01
    endloop
  endfacet
  facet normal 9.335713255e-02 8.780696374e-01 4.693379993e-01
    outer loop
      vertex 2.126075237e-01 8.314696123e-01 5.132799672e-01
      vertex 3.401886538e-17 8.314696123e-01 5.555702330e-01
      vertex 2.343260203e-17 9.238795325e-01 3.826834324e-01
    endloop
  endfacet
  facet normal -9.335713255e-02 8.780696374e-01 4.693379993e-01
    outer loop
      vertex 2.343260203e-17 9.238795325e-01 3.826834324e-01
      vertex 3.401886538e-17 8.314696123e-01 5.555702330e-01
      vertex -1.464466094e-01 9.238795325e-01 3.535533906e-01
    endloop
  endfacet
  facet normal -9.335713255e-02 8.780696374e-01 4.693379993e-01
    outer loop
      vertex 3.401886538e-17 8.314696123e-01 5.555702330e-01
      vertex -2.126075237e-01 8.314696123e-01 5.132799672e-01
      vertex -1.464466094e-01 9.238795325e-01 3.535533906e-01
    endloop
  endfacet
  facet normal -2.658586205e-01 8.780696374e-01 3.978855435e-01
    outer loop
      vertex -1.464466094e-01 9.238795325e-01 3.535533906e-01
      vertex -2.126075237e-01 8.314696123e-01 5.132799672e-01
      vertex -2.705980501e-01 9.238795325e-01 2.705980501e-01
    endloop
  endfacet
  facet normal -2.658586205e-01 8.780696374e-01 3.978855435e-01
    outer loop
      vertex -2.126075237e-01 8.314696123e-01 5.132799672e-01
      vertex -3.928474792e-01 8.314696123e-01 3.928474792e-01
      vertex -2.705980501e-01 9.238795325e-01 2.705980501e-01
    endloop
  endfacet
  facet normal -3.978855435e-01 8.780696374e-01 2.658586205e-01
    outer loop
      vertex -2.705980501e-01 9.238795325e-01 2.705980501e-01
      vertex -3.928474792e-01 8.314696123e-01 3.928474792e-01
      vertex -3.535533906e-01 9.238795325e-01 1.464466094e-01
    endloop
  endfacet
  facet normal -3.978855435e-01 8.780696374e-01 2.658586205e-01
    outer loop
      vertex -3.928474792e-01 8.314696123e-01 3.928474792e-01
      vertex -5.132799672e-01 8.314696123e-01 2.126075237e-01
      vertex -3.535533906e-01 9.238795325e-01 1.464466094e-01
    endloop
  endfacet
  facet normal -4.693379993e-01 8.780696374e-01 9.335713255e-02
    outer loop
      vertex -3.535533906e-01 9.238795325e-01 1.464466094e-01
      vertex -5.132799672e-01 8.314696123e-01 2.126075237e-01
      vertex -3.826834324e-01 9.238795325e-01 4.686520405e-17
    endloop
  endfacet
  facet normal -4.693379993e-01 8.780696374e-01 9.335713255e-02
    outer loop
      vertex -5.132799672e-01 8.314696123e-01 2.126075237e-01
      vertex -5.555702330e-01 8.314696123e-01 6.803773076e-17
      vertex -3.826834324e-01 9.238795325e-01 4.686520405e-17
    endloop
  endfacet
  facet normal -4.693379993e-01 8.780696374e-01 -9.335713255e-02
    outer loop
      vertex -3.826834324e-01 9.238795325e-01 4.686520405e-17
      vertex -5.555702330e-01 8.314696123e-01 6.803773076e-17
      vertex -3.535533906e-01 9.238795325e-01 -1.464466094e-01
    endloop
  endfacet
  facet normal -4.693379993e-01 8.780696374e-01 -9.335713255e-02
    outer loop
      vertex -5.555702330e-01 8.314696123e-01 6.803773076e-17
      vertex -5.132799672e-01 8.314696123e-01 -2.126075237e-01
      vertex -3.535533906e-01 9.238795325e-01 -1.464466094e-01
    endloop
  endfacet
  facet normal -3.978855435e-01 8.780696374e-01 -2.658586205e-01
    outer loop
      vertex -3.535533906e-01 9.238795325e-01 -1.464466094e-01
      vertex -5.132799672e-01 8.314696123e-01 -2.126075237e-01
      vertex -2.705980501e-01 9.238795325e-01 -2.705980501e-01
    endloop
  endfacet
  facet normal -3.978855435e-01 8.780696374e-01 -2.658586205e-01
    outer loop
      vertex -5.132799672e-01 8.314696123e-01 -2.126075237e-01
      vertex -3.928474792e-01 8.314696123e-01 -3.928474792e-01
      vertex -2.705980501e-01 9.238795325e-01 -2.705980501e-01
    endloop
  endfacet
  facet normal -2.658586205e-01 8.780696374e-01 -3.978855435e-01
    outer loop
      vertex -2.705980501e-01 9.238795325e-01 -2.705980501e-01
      vertex -3.928474792e-01 8.314696123e-01 -3.928474792e-01
      vertex -1.464466094e-01 9.238795325e-01 -3.535533906e-01
    endloop
  endfacet
  facet normal -2.658586205e-01 8.780696374e-01 -3.978855435e-01
    outer loop
      vertex -3.928474792e-01 8.314696123e-01 -3.928474792e-01
      vertex -2.126075237e-01 8.314696123e-01 -5.132799672e-01
      vertex -1.464466094e-01 9.238795325e-01 -3.535533906e-01
    endloop
  endfacet
  facet normal -9.335713255e-02 8.780696374e-01 -4.693379993e-01
    outer loop
      vertex -1.464466094e-01 9.238795325e-01 -3.535533906e-01
      vertex -2.126075237e-01 8.314696123e-01 -5.132799672e-01
      vertex -7.029780608e-17 9.238795325e-01 -3.826834324e-01
    endloop
  endfacet
  facet normal -9.335713255e-02 8.780696374e-01 -4.693379993e-01
    outer loop
      vertex -2.126075237e-01 8.314696123e-01 -5.132799672e-01
      vertex -1.020565961e-16 8.314696123e-01 -5.555702330e-01
      vertex -7.029780608e-17 9.238795325e-01 -3.826834324e-01
    endloop
  endfacet
  facet normal 9.335713255e-02 8.780696374e-01 -4.693379993e-01
    outer loop
      vertex -7.029780608e-17 9.238795325e-01 -3.826834324e-01
      vertex -1.020565961e-16 8.314696123e-01 -5.555702330e-01
      vertex 1.464466094e-01 9.238795325e-01 -3.535533906e-01
    endloop
  endfacet
  facet normal 9.335713255e-02 8.780696374e-01 -4.693379993e-01
    outer loop
      vertex -1.020565961e-16 8.314696123e-01 -5.555702330e-01
      vertex 2.126075237e-01 8.314696123e-01 -5.132799672e-01
      vertex 1.464466094e-01 9.238795325e-01 -3.535533906e-01
    endloop
  endfacet
  facet normal 2.658586205e-01 8.780696374e-01 -3.978855435e-01
    outer loop
      vertex 1.464466094e-01 9.238795325e-01 -3.535533906e-01
      vertex 2.126075237e-01 8.314696123e-01 -5.132799672e-01
      vertex 2.705980501e-01 9.238795325e-01 -2.705980501e-01
    endloop
  endfacet
  facet normal 2.658586205e-01 8.780696374e-01 -3.978855435e-01
    outer loop
      vertex 2.126075237e-01 8.314696123e-01 -5.132799672e-01
      vertex 3.928474792e-01 8.314696123e-01 -3.928474792e-01
      vertex 2.705980501e-01 9.238795325e-01 -2.705980501e-01
    endloop
  endfacet
  facet normal 3.978855435e-01 8.780696374e-01 -2.658586205e-01
    outer loop
      vertex 2.705980501e-01 9.238795325e-01 -2.705980501e-01
      vertex 3.928474792e-01 8.314696123e-01 -3.928474792e-01
      vertex 3.535533906e-01 9.238795325e-01 -1.464466094e-01
    endloop
  endfacet
  facet normal 3.978855435e-01 8.780696374e-01 -2.658586205e-01
    outer loop
      vertex 3.928474792e-01 8.314696123e-01 -3.928474792e-01
      vertex 5.132799672e-01 8.314696123e-01 -2.126075237e-01
      vertex 3.535533906e-01 9.238795325e-01 -1.464466094e-01
    endloop
  endfacet
  facet normal 4.693379993e-01 8.780696374e-01 -9.335713255e-02
    outer loop
      vertex 3.535533906e-01 9.238795325e-01 -1.464466094e-01
      vertex 5.132799672e-01 8.314696123e-01 -2.126075237e-01
      vertex 3.826834324e-01 9.238795325e-01 -9.373040811e-17
    endloop
  endfacet
  facet normal 4.693379993e-01 8.780696374e-01 -9.335713255e-02
    outer loop
      vertex 5.132799672e-01 8.314696123e-01 -2.126075237e-01
      vertex 5.555702330e-01 8.314696123e-01 -1.360754615e-16
      vertex 3.826834324e-01 9.238795325e-01 -9.373040811e-17
    endloop
  endfacet
  facet normal 6.294019099e-01 7.669284462e-01 1.251958239e-01
    outer loop
      vertex 5.555702330e-01 8.314696123e-01 0.000000000e+00
      vertex 7.071067812e-01 7.071067812e-01 0.000000000e+00
      vertex 5.132799672e-01 8.314696123e-01 2.126075237e-01
    endloop
  endfacet
  facet normal 6.294019099e-01 7.669284462e-01 1.251958239e-01
    outer loop
      vertex 7.071067812e-01 7.071067812e-01 0.000000000e+00
      vertex 6.532814824e-01 7.071067812e-01 2.705980501e-01
      vertex 5.132799672e-01 8.314696123e-01 2.126075237e-01
    endloop
  endfacet
  facet normal 5.335811746e-01 7.669284462e-01 3.565275425e-01
    outer loop
      vertex 5.132799672e-01 8.314696123e-01 2.126075237e-01
      vertex 6.532814824e-01 7.071067812e-01 2.705980501e-01
      vertex 3.928474792e-01 8.314696123e-01 3.928474792e-01
    endloop
  endfacet
  facet normal 5.335811746e-01 7.669284462e-01 3.565275425e-01
    outer loop
      vertex 6.532814824e-01 7.071067812e-01 2.705980501e-01
      vertex 5.000000000e-01 7.071067812e-01 5.000000000e-01
      vertex 3.928474792e-01 8.314696123e-01 3.928474792e-01
    endloop
  endfacet
  facet normal 3.565275425e-01 7.669284462e-01 5.335811746e-01
    outer loop
      vertex 3.928474792e-01 8.314696123e-01 3.928474792e-01
      vertex 5.000000000e-01 7.071067812e-01 5.000000000e-01
      vertex 2.126075237e-01 8.314696123e-01 5.132799672e-01
    endloop
  endfacet
  facet normal 3.565275425e-01 7.669284462e-01 5.335811746e-01
    outer loop
      vertex 5.000000000e-01 7.071067812e-01 5.000000000e-01
      vertex 2.705980501e-01 7.071067812e-01 6.532814824e-01
      vertex 2.126075237e-01 8.314696123e-01 5.132799672e-01
    endloop
  endfacet
  facet normal 1.251958239e-01 7.669284462e-01 6.294019099e-01
    outer loop
      vertex 2.126075237e-01 8.314696123e-01 5.132799672e-01
      vertex 2.705980501e-01 7.071067812e-01 6.532814824e-01
      vertex 3.401886538e-17 8.314696123e-01 5.555702330e-01
    endloop
  endfacet
  facet normal 1.251958239e-01 7.669284462e-01 6.294019099e-01
    outer loop
      vertex 2.705980501e-01 7.071067812e-01 6.532814824e-01
      vertex 4.329780281e-17 7.071067812e-01 7.071067812e-01
      vertex 3.401886538e-17 8.314696123e-01 5.555702330e-01
    endloop
  endfacet
  facet normal -1.251958239e-01 7.669284462e-01 6.294019099e-01
    outer loop
      vertex 3.401886538e-17 8.314696123e-01 5.555702330e-01
      vertex 4.329780281e-17 7.071067812e-01 7.071067812e-01
      vertex -2.126075237e-01 8.314696123e-01 5.132799672e-01
    endloop
  endfacet
  facet normal -1.251958239e-01 7.669284462e-01 6.294019099e-01
    outer loop
      vertex 4.329780281e-17 7.071067812e-01 7.071067812e-01
      vertex -2.705980501e-01 7.071067812e-01 6.532814824e-01
      vertex -2.126075237e-01 8.314696123e-01 5.132799672e-01
    endloop
  endfacet
  facet normal -3.565275425e-01 7.669284462e-01 5.335811746e-01
    outer loop
      vertex -2.126075237e-01 8.314696123e-01 5.132799672e-01
      vertex -2.705980501e-01 7.071067812e-01 6.532814824e-01
      vertex -3.928474792e-01 8.314696123e-01 3.928474792e-01
    endloop
  endfacet
  facet normal -3.565275425e-01 7.669284462e-01 5.335811746e-01
    outer loop
      vertex -2.705980501e-01 7.071067812e-01 6.532814824e-01
      vertex -5.000000000e-01 7.071067812e-01 5.000000000e-01
      vertex -3.928474792e-01 8.314696123e-01 3.928474792e-01
    endloop
  endfacet
  facet normal -5.335811746e-01 7.669284462e-01 3.565275425e-01
    outer loop
      vertex -3.928474792e-01 8.314696123e-01 3.928474792e-01
      vertex -5.000000000e-01 7.071067812e-01 5.000000000e-01
      vertex -5.132799672e-01 8.314696123e-01 2.126075237e-01
    endloop
  endfacet
  facet normal -5.335811746e-01 7.669284462e-01 3.565275425e-01
    outer loop
      vertex -5.000000000e-01 7.071067812e-01 5.000000000e-01
      vertex -6.532814824e-01 7.071067812e-01 2.705980501e-01
      vertex -5.132799672e-01 8.314696123e-01 2.126075237e-01
    endloop
  endfacet
  facet normal -6.294019099e-01 7.669284462e-01 1.251958239e-01
    outer loop
      vertex -5.132799672e-01 8.314696123e-01 2.126075237e-01
      vertex -6.532814824e-01 7.071067812e-01 2.705980501e-01
      vertex -5.555702330e-01 8.314696123e-01 6.803773076e-17
    endloop
  endfacet
  facet normal -6.294019099e-01 7.669284462e-01 1.251958239e-01
    outer loop
      vertex -6.532814824e-01 7.071067812e-01 2.705980501e-01
      vertex -7.071067812e-01 7.071067812e-01 8.659560562e-17
      vertex -5.555702330e-01 8.314696123e-01 6.803773076e-17
    endloop
  endfacet
  facet normal -6.294019099e-01 7.669284462e-01 -1.251958239e-01
    outer loop
      vertex -5.555702330e-01 8.314696123e-01 6.803773076e-17
      vertex -7.071067812e-01 7.071067812e-01 8.659560562e-17
      vertex -5.132799672e-01 8.314696123e-01 -2.126075237e-01
    endloop
  endfacet
  facet normal -6.294019099e-01 7.669284462e-01 -1.251958239e-01
    outer loop
      vertex -7.071067812e-01 7.071067812e-01 8.659560562e-17
      vertex -6.532814824e-01 7.071067812e-01 -2.705980501e-01
      vertex -5.132799672e-01 8.314696123e-01 -2.126075237e-01
    endloop
  endfacet
  facet normal -5.335811746e-01 7.669284462e-01 -3.565275425e-01
    outer loop
      vertex -5.132799672e-01 8.314696123e-01 -2.126075237e-01
      vertex -6.532814824e-01 7.071067812e-01 -2.705980501e-01
      vertex -3.928474792e-01 8.314696123e-01 -3.928474792e-01
    endloop
  endfacet
  facet normal -5.335811746e-01 7.669284462e-01 -3.565275425e-01
    outer loop
      vertex -6.532814824e-01 7.071067812e-01 -2.705980501e-01
      vertex -5.000000000e-01 7.071067812e-01 -5.000000000e-01
      vertex -3.928474792e-01 8.314696123e-01 -3.928474792e-01
    endloop
  endfacet
  facet normal -3.565275425e-01 7.669284462e-01 -5.335811746e-01
    outer loop
      vertex -3.928474792e-01 8.314696123e-01 -3.928474792e-01
      vertex -5.000000000e-01 7.071067812e-01 -5.000000000e-01
      vertex -2.126075237e-01 8.314696123e-01 -5.132799672e-01
    endloop
  endfacet
  facet normal -3.565275425e-01 7.669284462e-01 -5.335811746e-01
    outer loop
      vertex -5.000000000e-01 7.071067812e-01 -5.000000000e-01
      vertex -2.705980501e-01 7.071067812e-01 -6.532814824e-01
      vertex -2.126075237e-01 8.314696123e-01 -5.132799672e-01
    endloop
  endfacet
  facet normal -1.251958239e-01 7.669284462e-01 -6.294019099e-01
    outer loop
      vertex -2.126075237e-01 8.314696123e-01 -5.132799672e-01
      vertex -2.705980501e-01 7.071067812e-01 -6.532814824e-01
      vertex -1.020565961e-16 8.314696123e-01 -5.555702330e-01
    endloop
  endfacet
  facet normal -1.251958239e-01 7.669284462e-01 -6.294019099e-01
    outer loop
      vertex -2.705980501e-01 7.071067812e-01 -6.532814824e-01
      vertex -1.298934084e-16 7.071067812e-01 -7.071067812e-01
      vertex -1.020565961e-16 8.314696123e-01 -5.555702330e-01
    endloop
  endfacet
  facet normal 1.251958239e-01 7.669284462e-01 -6.294019099e-01
    outer loop
      vertex -1.020565961e-16 8.314696123e-01 -5.555702330e-01
      vertex -1.298934084e-16 7.071067812e-01 -7.071067812e-01
      vertex 2.126075237e-01 8.314696123e-01 -5.132799672e-01
    endloop
  endfacet
  facet normal 1.251958239e-01 7.669284462e-01 -6.294019099e-01
    outer loop
      vertex -1.298934084e-16 7.071067812e-01 -7.071067812e-01
      vertex 2.705980501e-01 7.071067812e-01 -6.532814824e-01
      vertex 2.126075237e-01 8.314696123e-01 -5.132799672e-01
    endloop
  endfacet
  facet normal 3.565275425e-01 7.669284462e-01 -5.335811746e-01
    outer loop
      vertex 2.126075237e-01 8.314696123e-01 -5.132799672e-01
      vertex 2.705980501e-01 7.071067812e-01 -6.532814824e-01
      vertex 3.928474792e-01 8.314696123e-01 -3.928474792e-01
    endloop
  endfacet
  facet normal 3.565275425e-01 7.669284462e-01 -5.335811746e-01
    outer loop
      vertex 2.705980501e-01 7.071067812e-01 -6.532814824e-01
      vertex 5.000000000e-01 7.071067812e-01 -5.000000000e-01
      vertex 3.928474792e-01 8.314696123e-01 -3.928474792e-01
    endloop
  endfacet
  facet normal 5.335811746e-01 7.669284462e-01 -3.565275425e-01
    outer loop
      vertex 3.928474792e-01 8.314696123e-01 -3.928474792e-01
      vertex 5.000000000e-01 7.071067812e-01 -5.000000000e-01
      vertex 5.132799672e-01 8.314696123e-01 -2.126075237e-01
    endloop
  endfacet
  facet normal 5.335811746e-01 7.669284462e-01 -3.565275425e-01
    outer loop
      vertex 5.000000000e-01 7.071067812e-01 -5.000000000e-01
      vertex 6.532814824e-01 7.071067812e-01 -2.705980501e-01
      vertex 5.132799672e-01 8.314696123e-01 -2.126075237e-01
    endloop
  endfacet
  facet normal 6.294019099e-01 7.669284462e-01 -1.251958239e-01
    outer loop
      vertex 5.132799672e-01 8.314696123e-01 -2.126075237e-01
      vertex 6.532814824e-01 7.071067812e-01 -2.705980501e-01
      vertex 5.555702330e-01 8.314696123e-01 -1.360754615e-16
    endloop
  endfacet
  facet normal 6.294019099e-01 7.669284462e-01 -1.251958239e-01
    outer loop
      vertex 6.532814824e-01 7.071067812e-01 -2.705980501e-01
      vertex 7.071067812e-01 7.071067812e-01 -1.731912112e-16
      vertex 5.555702330e-01 8.314696123e-01 -1.360754615e-16
    endloop
  endfacet
  facet normal 7.640313903e-01 6.270243576e-01 1.519752926e-01
    outer loop
      vertex 7.071067812e-01 7.071067812e-01 0.000000000e+00
      vertex 8.314696123e-01 5.555702330e-01 0.000000000e+00
      vertex 6.532814824e-01 7.071067812e-01 2.705980501e-01
    endloop
  endfacet
  facet normal 7.640313903e-01 6.270243576e-01 1.519752926e-01
    outer loop
      vertex 8.314696123e-01 5.555702330e-01 0.000000000e+00
      vertex 7.681777567e-01 5.555702330e-01 3.181896451e-01
      vertex 6.532814824e-01 7.071067812e-01 2.705980501e-01
    endloop
  endfacet
  facet normal 6.477145371e-01 6.270243576e-01 4.327890172e-01
    outer loop
      vertex 6.532814824e-01 7.071067812e-01 2.705980501e-01
      vertex 7.681777567e-01 5.555702330e-01 3.181896451e-01
      vertex 5.000000000e-01 7.071067812e-01 5.000000000e-01
    endloop
  endfacet
  facet normal 6.477145371e-01 6.270243576e-01 4.327890172e-01
    outer loop
      vertex 7.681777567e-01 5.555702330e-01 3.181896451e-01
      vertex 5.879378012e-01 5.555702330e-01 5.879378012e-01
      vertex 5.000000000e-01 7.071067812e-01 5.000000000e-01
    endloop
  endfacet
  facet normal 4.327890172e-01 6.270243576e-01 6.477145371e-01
    outer loop
      vertex 5.000000000e-01 7.071067812e-01 5.000000000e-01
      vertex 5.879378012e-01 5.555702330e-01 5.879378012e-01
      vertex 2.705980501e-01 7.071067812e-01 6.532814824e-01
    endloop
  endfacet
  facet normal 4.327890172e-01 6.270243576e-01 6.477145371e-01
    outer loop
      vertex 5.879378012e-01 5.555702330e-01 5.879378012e-01
      vertex 3.181896451e-01 5.555702330e-01 7.681777567e-01
      vertex 2.705980501e-01 7.071067812e-01 6.532814824e-01
    endloop
  endfacet
  facet normal 1.519752926e-01 6.270243576e-01 7.640313903e-01
    outer loop
      vertex 2.705980501e-01 7.071067812e-01 6.532814824e-01
      vertex 3.181896451e-01 5.555702330e-01 7.681777567e-01
      vertex 4.329780281e-17 7.071067812e-01 7.071067812e-01
    endloop
  endfacet
  facet normal 1.519752926e-01 6.270243576e-01 7.640313903e-01
    outer loop
      vertex 3.181896451e-01 5.555702330e-01 7.681777567e-01
      vertex 5.091282996e-17 5.555702330e-01 8.314696123e-01
      vertex 4.329780281e-17 7.071067812e-01 7.071067812e-01
    endloop
  endfacet
  facet normal -1.519752926e-01 6.270243576e-01 7.640313903e-01
    outer loop
      vertex 4.329780281e-17 7.071067812e-01 7.071067812e-01
      vertex 5.091282996e-17 5.555702330e-01 8.314696123e-01
      vertex -2.705980501e-01 7.071067812e-01 6.532814824e-01
    endloop
  endfacet
  facet normal -1.519752926e-01 6.270243576e-01 7.640313903e-01
    outer loop
      vertex 5.091282996e-17 5.555702330e-01 8.314696123e-01
      vertex -3.181896451e-01 5.555702330e-01 7.681777567e-01
      vertex -2.705980501e-01 7.071067812e-01 6.532814824e-01
    endloop
  endfacet
  facet normal -4.327890172e-01 6.270243576e-01 6.477145371e-01
    outer loop
      vertex -2.705980501e-01 7.071067812e-01 6.532814824e-01
      vertex -3.181896451e-01 5.555702330e-01 7.681777567e-01
      vertex -5.000000000e-01 7.071067812e-01 5.000000000e-01
    endloop
  endfacet
  facet normal -4.327890172e-01 6.270243576e-01 6.477145371e-01
    outer loop
      vertex -3.181896451e-01 5.555702330e-01 7.681777567e-01
      vertex -5.879378012e-01 5.555702330e-01 5.879378012e-01
      vertex -5.000000000e-01 7.071067812e-01 5.000000000e-01
    endloop
  endfacet
  facet normal -6.477145371e-01 6.270243576e-01 4.327890172e-01
    outer loop
      vertex -5.000000000e-01 7.071067812e-01 5.000000000e-01
      vertex -5.879378012e-01 5.555702330e-01 5.879378012e-01
      vertex -6.532814824e-01 7.071067812e-01 2.705980501e-01
    endloop
  endfacet
  facet normal -6.477145371e-01 6.270243576e-01 4.327890172e-01
    outer loop
      vertex -5.879378012e-01 5.555702330e-01 5.879378012e-01
      vertex -7.681777567e-01 5.555702330e-01 3.181896451e-01
      vertex -6.532814824e-01 7.071067812e-01 2.705980501e-01
    endloop
  endfacet
  facet normal -7.640313903e-01 6.270243576e-01 1.519752926e-01
    outer loop
      vertex -6.532814824e-01 7.071067812e-01 2.705980501e-01
      vertex -7.681777567e-01 5.555702330e-01 3.181896451e-01
      vertex -7.071067812e-01 7.071067812e-01 8.659560562e-17
    endloop
  endfacet
  facet normal -7.640313903e-01 6.270243576e-01 1.519752926e-01
    outer loop
      vertex -7.681777567e-01 5.555702330e-01 3.181896451e-01
      vertex -8.314696123e-01 5.555702330e-01 1.018256599e-16
      vertex -7.071067812e-01 7.071067812e-01 8.659560562e-17
    endloop
  endfacet
  facet normal -7.640313903e-01 6.270243576e-01 -1.519752926e-01
    outer loop
      vertex -7.071067812e-01 7.071067812e-01 8.659560562e-17
      vertex -8.314696123e-01 5.555702330e-01 1.018256599e-16
      vertex -6.532814824e-01 7.071067812e-01 -2.705980501e-01
    endloop
  endfacet
  facet normal -7.640313903e-01 6.270243576e-01 -1.519752926e-01
    outer loop
      vertex -8.314696123e-01 5.555702330e-01 1.018256599e-16
      vertex -7.681777567e-01 5.555702330e-01 -3.181896451e-01
      vertex -6.532814824e-01 7.071067812e-01 -2.705980501e-01
    endloop
  endfacet
  facet normal -6.477145371e-01 6.270243576e-01 -4.327890172e-01
    outer loop
      vertex -6.532814824e-01 7.071067812e-01 -2.705980501e-01
      vertex -7.681777567e-01 5.555702330e-01 -3.181896451e-01
      vertex -5.000000000e-01 7.071067812e-01 -5.000000000e-01
    endloop
  endfacet
  facet normal -6.477145371e-01 6.270243576e-01 -4.327890172e-01
    outer loop
      vertex -7.681777567e-01 5.555702330e-01 -3.181896451e-01
      vertex -5.879378012e-01 5.555702330e-01 -5.879378012e-01
      vertex -5.000000000e-01 7.071067812e-01 -5.000000000e-01
    endloop
  endfacet
  facet normal -4.327890172e-01 6.270243576e-01 -6.477145371e-01
    outer loop
      vertex -5.000000000e-01 7.071067812e-01 -5.000000000e-01
      vertex -5.879378012e-01 5.555702330e-01 -5.879378012e-01
      vertex -2.705980501e-01 7.071067812e-01 -6.532814824e-01
    endloop
  endfacet
  facet normal -4.327890172e-01 6.270243576e-01 -6.477145371e-01
    outer loop
      vertex -5.879378012e-01 5.555702330e-01 -5.879378012e-01
      vertex -3.181896451e-01 5.555702330e-01 -7.681777567e-01
      vertex -2.705980501e-01 7.071067812e-01 -6.532814824e-01
    endloop
  endfacet
  facet normal -1.519752926e-01 6.270243576e-01 -7.640313903e-01
    outer loop
      vertex -2.705980501e-01 7.071067812e-01 -6.532814824e-01
      vertex -3.181896451e-01 5.555702330e-01 -7.681777567e-01
      vertex -1.298934084e-16 7.071067812e-01 -7.071067812e-01
    endloop
  endfacet
  facet normal -1.519752926e-01 6.270243576e-01 -7.640313903e-01
    outer loop
      vertex -3.181896451e-01 5.555702330e-01 -7.681777567e-01
      vertex -1.527384899e-16 5.555702330e-01 -8.314696123e-01
      vertex -1.298934084e-16 7.071067812e-01 -7.071067812e-01
    endloop
  endfacet
  facet normal 1.519752926e-01 6.270243576e-01 -7.640313903e-01
    outer loop
      vertex -1.298934084e-16 7.071067812e-01 -7.071067812e-01
      vertex -1.527384899e-16 5.555702330e-01 -8.314696123e-01
      vertex 2.705980501e-01 7.071067812e-01 -6.532814824e-01
    endloop
  endfacet
  facet normal 1.519752926e-01 6.270243576e-01 -7.640313903e-01
    outer loop
      vertex -1.527384899e-16 5.555702330e-01 -8.314696123e-01
      vertex 3.181896451e-01 5.555702330e-01 -7.681777567e-01
      vertex 2.705980501e-01 7.071067812e-01 -6.532814824e-01
    endloop
  endfacet
  facet normal 4.327890172e-01 6.270243576e-01 -6.477145371e-01
    outer loop
      vertex 2.705980501e-01 7.071067812e-01 -6.532814824e-01
      vertex 3.181896451e-01 5.555702330e-01 -7.681777567e-01
      vertex 5.000000000e-01 7.071067812e-01 -5.000000000e-01
    endloop
  endfacet
  facet normal 4.327890172e-01 6.270243576e-01 -6.477145371e-01
    outer loop
      vertex 3.181896451e-01 5.555702330e-01 -7.681777567e-01
      vertex 5.879378012e-01 5.555702330e-01 -5.879378012e-01
      vertex 5.000000000e-01 7.071067812e-01 -5.000000000e-01
    endloop
  endfacet
  facet normal 6.477145371e-01 6.270243576e-01 -4.327890172e-01
    outer loop
      vertex 5.000000000e-01 7.071067812e-01 -5.000000000e-01
      vertex 5.879378012e-01 5.555702330e-01 -5.879378012e-01
      vertex 6.532814824e-01 7.071067812e-01 -2.705980501e-01
    endloop
  endfacet
  facet normal 6.477145371e-01 6.270243576e-01 -4.327890172e-01
    outer loop
      vertex 5.879378012e-01 5.555702330e-01 -5.879378012e-01
      vertex 7.681777567e-01 5.555702330e-01 -3.181896451e-01
      vertex 6.532814824e-01 7.071067812e-01 -2.705980501e-01
    endloop
  endfacet
  facet normal 7.640313903e-01 6.270243576e-01 -1.519752926e-01
    outer loop
      vertex 6.532814824e-01 7.071067812e-01 -2.705980501e-01
      vertex 7.681777567e-01 5.555702330e-01 -3.181896451e-01
      vertex 7.071067812e-01 7.071067812e-01 -1.731912112e-16
    endloop
  endfacet
  facet normal 7.640313903e-01 6.270243576e-01 -1.519752926e-01
    outer loop
      vertex 7.681777567e-01 5.555702330e-01 -3.181896451e-01
      vertex 8.314696123e-01 5.555702330e-01 -2.036513199e-16
      vertex 7.071067812e-01 7.071067812e-01 -1.731912112e-16
    endloop
  endfacet
  facet normal 8.686565477e-01 4.643065981e-01 1.727865303e-01
    outer loop
      vertex 8.314696123e-01 5.555702330e-01 0.000000000e+00
      vertex 9.238795325e-01 3.826834324e-01 0.000000000e+00
      vertex 7.681777567e-01 5.555702330e-01 3.181896451e-01
    endloop
  endfacet
  facet normal 8.686565477e-01 4.643065981e-01 1.727865303e-01
    outer loop
      vertex 9.238795325e-01 3.826834324e-01 0.000000000e+00
      vertex 8.535533906e-01 3.826834324e-01 3.535533906e-01
      vertex 7.681777567e-01 5.555702330e-01 3.181896451e-01
    endloop
  endfacet
  facet normal 7.364114627e-01 4.643065981e-01 4.920544081e-01
    outer loop
      vertex 7.681777567e-01 5.555702330e-01 3.181896451e-01
      vertex 8.535533906e-01 3.826834324e-01 3.535533906e-01
      vertex 5.879378012e-01 5.555702330e-01 5.879378012e-01
    endloop
  endfacet
  facet normal 7.364114627e-01 4.643065981e-01 4.920544081e-01
    outer loop
      vertex 8.535533906e-01 3.826834324e-01 3.535533906e-01
      vertex 6.532814824e-01 3.826834324e-01 6.532814824e-01
      vertex 5.879378012e-01 5.555702330e-01 5.879378012e-01
    endloop
  endfacet
  facet normal 4.920544081e-01 4.643065981e-01 7.364114627e-01
    outer loop
      vertex 5.879378012e-01 5.555702330e-01 5.879378012e-01
      vertex 6.532814824e-01 3.826834324e-01 6.532814824e-01
      vertex 3.181896451e-01 5.555702330e-01 7.681777567e-01
    endloop
  endfacet
  facet normal 4.920544081e-01 4.643065981e-01 7.364114627e-01
    outer loop
      vertex 6.532814824e-01 3.826834324e-01 6.532814824e-01
      vertex 3.535533906e-01 3.826834324e-01 8.535533906e-01
      vertex 3.181896451e-01 5.555702330e-01 7.681777567e-01
    endloop
  endfacet
  facet normal 1.727865303e-01 4.643065981e-01 8.686565477e-01
    outer loop
      vertex 3.181896451e-01 5.555702330e-01 7.681777567e-01
      vertex 3.535533906e-01 3.826834324e-01 8.535533906e-01
      vertex 5.091282996e-17 5.555702330e-01 8.314696123e-01
    endloop
  endfacet
  facet normal 1.727865303e-01 4.643065981e-01 8.686565477e-01
    outer loop
      vertex 3.535533906e-01 3.826834324e-01 8.535533906e-01
      vertex 5.657130561e-17 3.826834324e-01 9.238795325e-01
      vertex 5.091282996e-17 5.555702330e-01 8.314696123e-01
    endloop
  endfacet
  facet normal -1.727865303e-01 4.643065981e-01 8.686565477e-01
    outer loop
      vertex 5.091282996e-17 5.555702330e-01 8.314696123e-01
      vertex 5.657130561e-17 3.826834324e-01 9.238795325e-01
      vertex -3.181896451e-01 5.555702330e-01 7.681777567e-01
    endloop
  endfacet
  facet normal -1.727865303e-01 4.643065981e-01 8.686565477e-01
    outer loop
      vertex 5.657130561e-17 3.826834324e-01 9.238795325e-01
      vertex -3.535533906e-01 3.826834324e-01 8.535533906e-01
      vertex -3.181896451e-01 5.555702330e-01 7.681777567e-01
    endloop
  endfacet
  facet normal -4.920544081e-01 4.643065981e-01 7.364114627e-01
    outer loop
      vertex -3.181896451e-01 5.555702330e-01 7.681777567e-01
      vertex -3.535533906e-01 3.826834324e-01 8.535533906e-01
      vertex -5.879378012e-01 5.555702330e-01 5.879378012e-01
    endloop
  endfacet
  facet normal -4.920544081e-01 4.643065981e-01 7.364114627e-01
    outer loop
      vertex -3.535533906e-01 3.826834324e-01 8.535533906e-01
      vertex -6.532814824e-01 3.826834324e-01 6.532814824e-01
      vertex -5.879378012e-01 5.555702330e-01 5.879378012e-01
    endloop
  endfacet
  facet normal -7.364114627e-01 4.643065981e-01 4.920544081e-01
    outer loop
      vertex -5.879378012e-01 5.555702330e-01 5.879378012e-01
      vertex -6.532814824e-01 3.826834324e-01 6.532814824e-01
      vertex -7.681777567e-01 5.555702330e-01 3.181896451e-01
    endloop
  endfacet
  facet normal -7.364114627e-01 4.643065981e-01 4.920544081e-01
    outer loop
      vertex -6.532814824e-01 3.826834324e-01 6.532814824e-01
      vertex -8.535533906e-01 3.826834324e-01 3.535533906e-01
      vertex -7.681777567e-01 5.555702330e-01 3.181896451e-01
    endloop
  endfacet
  facet normal -8.686565477e-01 4.643065981e-01 1.727865303e-01
    outer loop
      vertex -7.681777567e-01 5.555702330e-01 3.181896451e-01
      vertex -8.535533906e-01 3.826834324e-01 3.535533906e-01
      vertex -8.314696123e-01 5.555702330e-01 1.018256599e-16
    endloop
  endfacet
  facet normal -8.686565477e-01 4.643065981e-01 1.727865303e-01
    outer loop
      vertex -8.535533906e-01 3.826834324e-01 3.535533906e-01
      vertex -9.238795325e-01 3.826834324e-01 1.131426112e-16
      vertex -8.314696123e-01 5.555702330e-01 1.018256599e-16
    endloop
  endfacet
  facet normal -8.686565477e-01 4.643065981e-01 -1.727865303e-01
    outer loop
      vertex -8.314696123e-01 5.555702330e-01 1.018256599e-16
      vertex -9.238795325e-01 3.826834324e-01 1.131426112e-16
      vertex -7.681777567e-01 5.555702330e-01 -3.181896451e-01
    endloop
  endfacet
  facet normal -8.686565477e-01 4.643065981e-01 -1.727865303e-01
    outer loop
      vertex -9.238795325e-01 3.826834324e-01 1.131426112e-16
      vertex -8.535533906e-01 3.826834324e-01 -3.535533906e-01
      vertex -7.681777567e-01 5.555702330e-01 -3.181896451e-01
    endloop
  endfacet
  facet normal -7.364114627e-01 4.643065981e-01 -4.920544081e-01
    outer loop
      vertex -7.681777567e-01 5.555702330e-01 -3.181896451e-01
      vertex -8.535533906e-01 3.826834324e-01 -3.535533906e-01
      vertex -5.879378012e-01 5.555702330e-01 -5.879378012e-01
    endloop
  endfacet
  facet normal -7.364114627e-01 4.643065981e-01 -4.920544081e-01
    outer loop
      vertex -8.535533906e-01 3.826834324e-01 -3.535533906e-01
      vertex -6.532814824e-01 3.826834324e-01 -6.532814824e-01
      vertex -5.879378012e-01 5.555702330e-01 -5.879378012e-01
    endloop
  endfacet
  facet normal -4.920544081e-01 4.643065981e-01 -7.364114627e-01
    outer loop
      vertex -5.879378012e-01 5.555702330e-01 -5.879378012e-01
      vertex -6.532814824e-01 3.826834324e-01 -6.532814824e-01
      vertex -3.181896451e-01 5.555702330e-01 -7.681777567e-01
    endloop
  endfacet
  facet normal -4.920544081e-01 4.643065981e-01 -7.364114627e-01
    outer loop
      vertex -6.532814824e-01 3.826834324e-01 -6.532814824e-01
      vertex -3.535533906e-01 3.826834324e-01 -8.535533906e-01
      vertex -3.181896451e-01 5.555702330e-01 -7.681777567e-01
    endloop
  endfacet
  facet normal -1.727865303e-01 4.643065981e-01 -8.686565477e-01
    outer loop
      vertex -3.181896451e-01 5.555702330e-01 -7.681777567e-01
      vertex -3.535533906e-01 3.826834324e-01 -8.535533906e-01
      vertex -1.527384899e-16 5.555702330e-01 -8.314696123e-01
    endloop
  endfacet
  facet normal -1.727865303e-01 4.643065981e-01 -8.686565477e-01
    outer loop
      vertex -3.535533906e-01 3.826834324e-01 -8.535533906e-01
      vertex -1.697139168e-16 3.826834324e-01 -9.238795325e-01
      vertex -1.527384899e-16 5.555702330e-01 -8.314696123e-01
    endloop
  endfacet
  facet normal 1.727865303e-01 4.643065981e-01 -8.686565477e-01
    outer loop
      vertex -1.527384899e-16 5.555702330e-01 -8.314696123e-01
      vertex -1.697139168e-16 3.826834324e-01 -9.238795325e-01
      vertex 3.181896451e-01 5.555702330e-01 -7.681777567e-01
    endloop
  endfacet
  facet normal 1.727865303e-01 4.643065981e-01 -8.686565477e-01
    outer loop
      vertex -1.697139168e-16 3.826834324e-01 -9.238795325e-01
      vertex 3.535533906e-01 3.826834324e-01 -8.535533906e-01
      vertex 3.181896451e-01 5.555702330e-01 -7.681777567e-01
    endloop
  endfacet
  facet normal 4.920544081e-01 4.643065981e-01 -7.364114627e-01
    outer loop
      vertex 3.181896451e-01 5.555702330e-01 -7.681777567e-01
      vertex 3.535533906e-01 3.826834324e-01 -8.535533906e-01
      vertex 5.879378012e-01 5.555702330e-01 -5.879378012e-01
    endloop
  endfacet
  facet normal 4.920544081e-01 4.643065981e-01 -7.364114627e-01
    outer loop
      vertex 3.535533906e-01 3.826834324e-01 -8.535533906e-01
      vertex 6.532814824e-01 3.826834324e-01 -6.532814824e-01
      vertex 5.879378012e-01 5.555702330e-01 -5.879378012e-01
    endloop
  endfacet
  facet normal 7.364114627e-01 4.643065981e-01 -4.920544081e-01
    outer loop
      vertex 5.879378012e-01 5.555702330e-01 -5.879378012e-01
      vertex 6.532814824e-01 3.826834324e-01 -6.532814824e-01
      vertex 7.681777567e-01 5.555702330e-01 -3.181896451e-01
    endloop
  endfacet
  facet normal 7.364114627e-01 4.643065981e-01 -4.920544081e-01
    outer loop
      vertex 6.532814824e-01 3.826834324e-01 -6.532814824e-01
      vertex 8.535533906e-01 3.826834324e-01 -3.535533906e-01
      vertex 7.681777567e-01 5.555702330e-01 -3.181896451e-01
    endloop
  endfacet
  facet normal 8.686565477e-01 4.643065981e-01 -1.727865303e-01
    outer loop
      vertex 7.681777567e-01 5.555702330e-01 -3.181896451e-01
      vertex 8.535533906e-01 3.826834324e-01 -3.535533906e-01
      vertex 8.314696123e-01 5.555702330e-01 -2.036513199e-16
    endloop
  endfacet
  facet normal 8.686565477e-01 4.643065981e-01 -1.727865303e-01
    outer loop
      vertex 8.535533906e-01 3.826834324e-01 -3.535533906e-01
      vertex 9.238795325e-01 3.826834324e-01 -2.262852225e-16
      vertex 8.314696123e-01 5.555702330e-01 -2.036513199e-16
    endloop
  endfacet
  facet normal 9.400616669e-01 2.851645890e-01 1.869898916e-01
    outer loop
      vertex 9.238795325e-01 3.826834324e-01 0.000000000e+00
      vertex 9.807852804e-01 1.950903220e-01 0.000000000e+00
      vertex 8.535533906e-01 3.826834324e-01 3.535533906e-01
    endloop
  endfacet
  facet normal 9.400616669e-01 2.851645890e-01 1.869898916e-01
    outer loop
      vertex 9.807852804e-01 1.950903220e-01 0.000000000e+00
      vertex 9.061274464e-01 1.950903220e-01 3.753302775e-01
      vertex 8.535533906e-01 3.826834324e-01 3.535533906e-01
    endloop
  endfacet
  facet normal 7.969457998e-01 2.851645890e-01 5.325021590e-01
    outer loop
      vertex 8.535533906e-01 3.826834324e-01 3.535533906e-01
      vertex 9.061274464e-01 1.950903220e-01 3.753302775e-01
      vertex 6.532814824e-01 3.826834324e-01 6.532814824e-01
    endloop
  endfacet
  facet normal 7.969457998e-01 2.851645890e-01 5.325021590e-01
    outer loop
      vertex 9.061274464e-01 1.950903220e-01 3.753302775e-01
      vertex 6.935199227e-01 1.950903220e-01 6.935199227e-01
      vertex 6.532814824e-01 3.826834324e-01 6.532814824e-01
    endloop
  endfacet
  facet normal 5.325021590e-01 2.851645890e-01 7.969457998e-01
    outer loop
      vertex 6.532814824e-01 3.826834324e-01 6.532814824e-01
      vertex 6.935199227e-01 1.950903220e-01 6.935199227e-01
      vertex 3.535533906e-01 3.826834324e-01 8.535533906e-01
    endloop
  endfacet
  facet normal 5.325021590e-01 2.851645890e-01 7.969457998e-01
    outer loop
      vertex 6.935199227e-01 1.950903220e-01 6.935199227e-01
      vertex 3.753302775e-01 1.950903220e-01 9.061274464e-01
      vertex 3.535533906e-01 3.826834324e-01 8.535533906e-01
    endloop
  endfacet
  facet normal 1.869898916e-01 2.851645890e-01 9.400616669e-01
    outer loop
      vertex 3.535533906e-01 3.826834324e-01 8.535533906e-01
      vertex 3.753302775e-01 1.950903220e-01 9.061274464e-01
      vertex 5.657130561e-17 3.826834324e-01 9.238795325e-01
    endloop
  endfacet
  facet normal 1.869898916e-01 2.851645890e-01 9.400616669e-01
    outer loop
      vertex 3.753302775e-01 1.950903220e-01 9.061274464e-01
      vertex 6.005577771e-17 1.950903220e-01 9.807852804e-01
      vertex 5.657130561e-17 3.826834324e-01 9.238795325e-01
    endloop
  endfacet
  facet normal -1.869898916e-01 2.851645890e-01 9.400616669e-01
    outer loop
      vertex 5.657130561e-17 3.826834324e-01 9.238795325e-01
      vertex 6.005577771e-17 1.950903220e-01 9.807852804e-01
      vertex -3.535533906e-01 3.826834324e-01 8.535533906e-01
    endloop
  endfacet
  facet normal -1.869898916e-01 2.851645890e-01 9.400616669e-01
    outer loop
      vertex 6.005577771e-17 1.950903220e-01 9.807852804e-01
      vertex -3.753302775e-01 1.950903220e-01 9.061274464e-01
      vertex -3.535533906e-01 3.826834324e-01 8.535533906e-01
    endloop
  endfacet
  facet normal -5.325021590e-01 2.851645890e-01 7.969457998e-01
    outer loop
      vertex -3.535533906e-01 3.826834324e-01 8.535533906e-01
      vertex -3.753302775e-01 1.950903220e-01 9.061274464e-01
      vertex -6.532814824e-01 3.826834324e-01 6.532814824e-01
    endloop
  endfacet
  facet normal -5.325021590e-01 2.851645890e-01 7.969457998e-01
    outer loop
      vertex -3.753302775e-01 1.950903220e-01 9.061274464e-01
      vertex -6.935199227e-01 1.950903220e-01 6.935199227e-01
      vertex -6.532814824e-01 3.826834324e-01 6.532814824e-01
    endloop
  endfacet
  facet normal -7.969457998e-01 2.851645890e-01 5.325021590e-01
    outer loop
      vertex -6.532814824e-01 3.826834324e-01 6.532814824e-01
      vertex -6.935199227e-01 1.950903220e-01 6.935199227e-01
      vertex -8.535533906e-01 3.826834324e-01 3.535533906e-01
    endloop
  endfacet
  facet normal -7.969457998e-01 2.851645890e-01 5.325021590e-01
    outer loop
      vertex -6.935199227e-01 1.950903220e-01 6.935199227e-01
      vertex -9.061274464e-01 1.950903220e-01 3.753302775e-01
      vertex -8.535533906e-01 3.826834324e-01 3.535533906e-01
    endloop
  endfacet
  facet normal -9.400616669e-01 2.851645890e-01 1.869898916e-01
    outer loop
      vertex -8.535533906e-01 3.826834324e-01 3.535533906e-01
      vertex -9.061274464e-01 1.950903220e-01 3.753302775e-01
      vertex -9.238795325e-01 3.826834324e-01 1.131426112e-16
    endloop
  endfacet
  facet normal -9.400616669e-01 2.851645890e-01 1.869898916e-01
    outer loop
      vertex -9.061274464e-01 1.950903220e-01 3.753302775e-01
      vertex -9.807852804e-01 1.950903220e-01 1.201115554e-16
      vertex -9.238795325e-01 3.826834324e-01 1.131426112e-16
    endloop
  endfacet
  facet normal -9.400616669e-01 2.851645890e-01 -1.869898916e-01
    outer loop
      vertex -9.238795325e-01 3.826834324e-01 1.131426112e-16
      vertex -9.807852804e-01 1.950903220e-01 1.201115554e-16
      vertex -8.535533906e-01 3.826834324e-01 -3.535533906e-01
    endloop
  endfacet
  facet normal -9.400616669e-01 2.851645890e-01 -1.869898916e-01
    outer loop
      vertex -9.807852804e-01 1.950903220e-01 1.201115554e-16
      vertex -9.061274464e-01 1.950903220e-01 -3.753302775e-01
      vertex -8.535533906e-01 3.826834324e-01 -3.535533906e-01
    endloop
  endfacet
  facet normal -7.969457998e-01 2.851645890e-01 -5.325021590e-01
    outer loop
      vertex -8.535533906e-01 3.826834324e-01 -3.535533906e-01
      vertex -9.061274464e-01 1.950903220e-01 -3.753302775e-01
      vertex -6.532814824e-01 3.826834324e-01 -6.532814824e-01
    endloop
  endfacet
  facet normal -7.969457998e-01 2.851645890e-01 -5.325021590e-01
    outer loop
      vertex -9.061274464e-01 1.950903220e-01 -3.753302775e-01
      vertex -6.935199227e-01 1.950903220e-01 -6.935199227e-01
      vertex -6.532814824e-01 3.826834324e-01 -6.532814824e-01
    endloop
  endfacet
  facet normal -5.325021590e-01 2.851645890e-01 -7.969457998e-01
    outer loop
      vertex -6.532814824e-01 3.826834324e-01 -6.532814824e-01
      vertex -6.935199227e-01 1.950903220e-01 -6.935199227e-01
      vertex -3.535533906e-01 3.826834324e-01 -8.535533906e-01
    endloop
  endfacet
  facet normal -5.325021590e-01 2.851645890e-01 -7.969457998e-01
    outer loop
      vertex -6.935199227e-01 1.950903220e-01 -6.935199227e-01
      vertex -3.753302775e-01 1.950903220e-01 -9.061274464e-01
      vertex -3.535533906e-01 3.826834324e-01 -8.535533906e-01
    endloop
  endfacet
  facet normal -1.869898916e-01 2.851645890e-01 -9.400616669e-01
    outer loop
      vertex -3.535533906e-01 3.826834324e-01 -8.535533906e-01
      vertex -3.753302775e-01 1.950903220e-01 -9.061274464e-01
      vertex -1.697139168e-16 3.826834324e-01 -9.238795325e-01
    endloop
  endfacet
  facet normal -1.869898916e-01 2.851645890e-01 -9.400616669e-01
    outer loop
      vertex -3.753302775e-01 1.950903220e-01 -9.061274464e-01
      vertex -1.801673331e-16 1.950903220e-01 -9.807852804e-01
      vertex -1.697139168e-16 3.826834324e-01 -9.238795325e-01
    endloop
  endfacet
  facet normal 1.869898916e-01 2.851645890e-01 -9.400616669e-01
    outer loop
      vertex -1.697139168e-16 3.826834324e-01 -9.238795325e-01
      vertex -1.801673331e-16 1.950903220e-01 -9.807852804e-01
      vertex 3.535533906e-01 3.826834324e-01 -8.535533906e-01
    endloop
  endfacet
  facet normal 1.869898916e-01 2.851645890e-01 -9.400616669e-01
    outer loop
      vertex -1.801673331e-16 1.950903220e-01 -9.807852804e-01
      vertex 3.753302775e-01 1.950903220e-01 -9.061274464e-01
      vertex 3.535533906e-01 3.826834324e-01 -8.535533906e-01
    endloop
  endfacet
  facet normal 5.325021590e-01 2.851645890e-01 -7.969457998e-01
    outer loop
      vertex 3.535533906e-01 3.826834324e-01 -8.535533906e-01
      vertex 3.753302775e-01 1.950903220e-01 -9.061274464e-01
      vertex 6.532814824e-01 3.826834324e-01 -6.532814824e-01
    endloop
  endfacet
  facet normal 5.325021590e-01 2.851645890e-01 -7.969457998e-01
    outer loop
      vertex 3.753302775e-01 1.950903220e-01 -9.061274464e-01
      vertex 6.935199227e-01 1.950903220e-01 -6.935199227e-01
      vertex 6.532814824e-01 3.826834324e-01 -6.532814824e-01
    endloop
  endfacet
  facet normal 7.969457998e-01 2.851645890e-01 -5.325021590e-01
    outer loop
      vertex 6.532814824e-01 3.826834324e-01 -6.532814824e-01
      vertex 6.935199227e-01 1.950903220e-01 -6.935199227e-01
      vertex 8.535533906e-01 3.826834324e-01 -3.535533906e-01
    endloop
  endfacet
  facet normal 7.969457998e-01 2.851645890e-01 -5.325021590e-01
    outer loop
      vertex 6.935199227e-01 1.950903220e-01 -6.935199227e-01
      vertex 9.061274464e-01 1.950903220e-01 -3.753302775e-01
      vertex 8.535533906e-01 3.826834324e-01 -3.535533906e-01
    endloop
  endfacet
  facet normal 9.400616669e-01 2.851645890e-01 -1.869898916e-01
    outer loop
      vertex 8.535533906e-01 3.826834324e-01 -3.535533906e-01
      vertex 9.061274464e-01 1.950903220e-01 -3.753302775e-01
      vertex 9.238795325e-01 3.826834324e-01 -2.262852225e-16
    endloop
  endfacet
  facet normal 9.400616669e-01 2.851645890e-01 -1.869898916e-01
    outer loop
      vertex 9.061274464e-01 1.950903220e-01 -3.753302775e-01
      vertex 9.807852804e-01 1.950903220e-01 -2.402231109e-16
      vertex 9.238795325e-01 3.826834324e-01 -2.262852225e-16
    endloop
  endfacet
  facet normal 9.762410329e-01 9.615134934e-02 1.941864150e-01
    outer loop
      vertex 9.807852804e-01 1.950903220e-01 0.000000000e+00
      vertex 1.000000000e+00 6.123233996e-17 0.000000000e+00
      vertex 9.061274464e-01 1.950903220e-01 3.753302775e-01
    endloop
  endfacet
  facet normal 9.762410329e-01 9.615134934e-02 1.941864150e-01
    outer loop
      vertex 1.000000000e+00 6.123233996e-17 0.000000000e+00
      vertex 9.238795325e-01 6.123233996e-17 3.826834324e-01
      vertex 9.061274464e-01 1.950903220e-01 3.753302775e-01
    endloop
  endfacet
  facet normal 8.276171853e-01 9.615134934e-02 5.529961236e-01
    outer loop
      vertex 9.061274464e-01 1.950903220e-01 3.753302775e-01
      vertex 9.238795325e-01 6.123233996e-17 3.826834324e-01
      vertex 6.935199227e-01 1.950903220e-01 6.935199227e-01
    endloop
  endfacet
  facet normal 8.276171853e-01 9.615134934e-02 5.529961236e-01
    outer loop
      vertex 9.238795325e-01 6.123233996e-17 3.826834324e-01
      vertex 7.071067812e-01 6.123233996e-17 7.071067812e-01
      vertex 6.935199227e-01 1.950903220e-01 6.935199227e-01
    endloop
  endfacet
  facet normal 5.529961236e-01 9.615134934e-02 8.276171853e-01
    outer loop
      vertex 6.935199227e-01 1.950903220e-01 6.935199227e-01
      vertex 7.071067812e-01 6.123233996e-17 7.071067812e-01
      vertex 3.753302775e-01 1.950903220e-01 9.061274464e-01
    endloop
  endfacet
  facet normal 5.529961236e-01 9.615134934e-02 8.276171853e-01
    outer loop
      vertex 7.071067812e-01 6.123233996e-17 7.071067812e-01
      vertex 3.826834324e-01 6.123233996e-17 9.238795325e-01
      vertex 3.753302775e-01 1.950903220e-01 9.061274464e-01
    endloop
  endfacet
  facet normal 1.941864150e-01 9.615134934e-02 9.762410329e-01
    outer loop
      vertex 3.753302775e-01 1.950903220e-01 9.061274464e-01
      vertex 3.826834324e-01 6.123233996e-17 9.238795325e-01
      vertex 6.005577771e-17 1.950903220e-01 9.807852804e-01
    endloop
  endfacet
  facet normal 1.941864150e-01 9.615134934e-02 9.762410329e-01
    outer loop
      vertex 3.826834324e-01 6.123233996e-17 9.238795325e-01
      vertex 6.123233996e-17 6.123233996e-17 1.000000000e+00
      vertex 6.005577771e-17 1.950903220e-01 9.807852804e-01
    endloop
  endfacet
  facet normal -1.941864150e-01 9.615134934e-02 9.762410329e-01
    outer loop
      vertex 6.005577771e-17 1.950903220e-01 9.807852804e-01
      vertex 6.123233996e-17 6.123233996e-17 1.000000000e+00
      vertex -3.753302775e-01 1.950903220e-01 9.061274464e-01
    endloop
  endfacet
  facet normal -1.941864150e-01 9.615134934e-02 9.762410329e-01
    outer loop
      vertex 6.123233996e-17 6.123233996e-17 1.000000000e+00
      vertex -3.826834324e-01 6.123233996e-17 9.238795325e-01
      vertex -3.753302775e-01 1.950903220e-01 9.061274464e-01
    endloop
  endfacet
  facet normal -5.529961236e-01 9.615134934e-02 8.276171853e-01
    outer loop
      vertex -3.753302775e-01 1.950903220e-01 9.061274464e-01
      vertex -3.826834324e-01 6.123233996e-17 9.238795325e-01
      vertex -6.935199227e-01 1.950903220e-01 6.935199227e-01
    endloop
  endfacet
  facet normal -5.529961236e-01 9.615134934e-02 8.276171853e-01
    outer loop
      vertex -3.826834324e-01 6.123233996e-17 9.238795325e-01
      vertex -7.071067812e-01 6.123233996e-17 7.071067812e-01
      vertex -6.935199227e-01 1.950903220e-01 6.935199227e-01
    endloop
  endfacet
  facet normal -8.276171853e-01 9.615134934e-02 5.529961236e-01
    outer loop
      vertex -6.935199227e-01 1.950903220e-01 6.935199227e-01
      vertex -7.071067812e-01 6.123233996e-17 7.071067812e-01
      vertex -9.061274464e-01 1.950903220e-01 3.753302775e-01
    endloop
  endfacet
  facet normal -8.276171853e-01 9.615134934e-02 5.529961236e-01
    outer loop
      vertex -7.071067812e-01 6.123233996e-17 7.071067812e-01
      vertex -9.238795325e-01 6.123233996e-17 3.826834324e-01
      vertex -9.061274464e-01 1.950903220e-01 3.753302775e-01
    endloop
  endfacet
  facet normal -9.762410329e-01 9.615134934e-02 1.941864150e-01
    outer loop
      vertex -9.061274464e-01 1.950903220e-01 3.753302775e-01
      vertex -9.238795325e-01 6.123233996e-17 3.826834324e-01
      vertex -9.807852804e-01 1.950903220e-01 1.201115554e-16
    endloop
  endfacet
  facet normal -9.762410329e-01 9.615134934e-02 1.941864150e-01
    outer loop
      vertex -9.238795325e-01 6.123233996e-17 3.826834324e-01
      vertex -1.000000000e+00 6.123233996e-17 1.224646799e-16
      vertex -9.807852804e-01 1.950903220e-01 1.201115554e-16
    endloop
  endfacet
  facet normal -9.762410329e-01 9.615134934e-02 -1.941864150e-01
    outer loop
      vertex -9.807852804e-01 1.950903220e-01 1.201115554e-16
      vertex -1.000000000e+00 6.123233996e-17 1.224646799e-16
      vertex -9.061274464e-01 1.950903220e-01 -3.753302775e-01
    endloop
  endfacet
  facet normal -9.762410329e-01 9.615134934e-02 -1.941864150e-01
    outer loop
      vertex -1.000000000e+00 6.123233996e-17 1.224646799e-16
      vertex -9.238795325e-01 6.123233996e-17 -3.826834324e-01
      vertex -9.061274464e-01 1.950903220e-01 -3.753302775e-01
    endloop
  endfacet
  facet normal -8.276171853e-01 9.615134934e-02 -5.529961236e-01
    outer loop
      vertex -9.061274464e-01 1.950903220e-01 -3.753302775e-01
      vertex -9.238795325e-01 6.123233996e-17 -3.826834324e-01
      vertex -6.935199227e-01 1.950903220e-01 -6.935199227e-01
    endloop
  endfacet
  facet normal -8.276171853e-01 9.615134934e-02 -5.529961236e-01
    outer loop
      vertex -9.238795325e-01 6.123233996e-17 -3.826834324e-01
      vertex -7.071067812e-01 6.123233996e-17 -7.071067812e-01
      vertex -6.935199227e-01 1.950903220e-01 -6.935199227e-01
    endloop
  endfacet
  facet normal -5.529961236e-01 9.615134934e-02 -8.276171853e-01
    outer loop
      vertex -6.935199227e-01 1.950903220e-01 -6.935199227e-01
      vertex -7.071067812e-01 6.123233996e-17 -7.071067812e-01
      vertex -3.753302775e-01 1.950903220e-01 -9.061274464e-01
    endloop
  endfacet
  facet normal -5.529961236e-01 9.615134934e-02 -8.276171853e-01
    outer loop
      vertex -7.071067812e-01 6.123233996e-17 -7.071067812e-01
      vertex -3.826834324e-01 6.123233996e-17 -9.238795325e-01
      vertex -3.753302775e-01 1.950903220e-01 -9.061274464e-01
    endloop
  endfacet
  facet normal -1.941864150e-01 9.615134934e-02 -9.762410329e-01
    outer loop
      vertex -3.753302775e-01 1.950903220e-01 -9.061274464e-01
      vertex -3.826834324e-01 6.123233996e-17 -9.238795325e-01
      vertex -1.801673331e-16 1.950903220e-01 -9.807852804e-01
    endloop
  endfacet
  facet normal -1.941864150e-01 9.615134934e-02 -9.762410329e-01
    outer loop
      vertex -3.826834324e-01 6.123233996e-17 -9.238795325e-01
      vertex -1.836970199e-16 6.123233996e-17 -1.000000000e+00
      vertex -1.801673331e-16 1.950903220e-01 -9.807852804e-01
    endloop
  endfacet
  facet normal 1.941864150e-01 9.615134934e-02 -9.762410329e-01
    outer loop
      vertex -1.801673331e-16 1.950903220e-01 -9.807852804e-01
      vertex -1.836970199e-16 6.123233996e-17 -1.000000000e+00
      vertex 3.753302775e-01 1.950903220e-01 -9.061274464e-01
    endloop
  endfacet
  facet normal 1.941864150e-01 9.615134934e-02 -9.762410329e-01
    outer loop
      vertex -1.836970199e-16 6.123233996e-17 -1.000000000e+00
      vertex 3.826834324e-01 6.123233996e-17 -9.238795325e-01
      vertex 3.753302775e-01 1.950903220e-01 -9.061274464e-01
    endloop
  endfacet
  facet normal 5.529961236e-01 9.615134934e-02 -8.276171853e-01
    outer loop
      vertex 3.753302775e-01 1.950903220e-01 -9.061274464e-01
      vertex 3.826834324e-01 6.123233996e-17 -9.238795325e-01
      vertex 6.935199227e-01 1.950903220e-01 -6.935199227e-01
    endloop
  endfacet
  facet normal 5.529961236e-01 9.615134934e-02 -8.276171853e-01
    outer loop
      vertex 3.826834324e-01 6.123233996e-17 -9.238795325e-01
      vertex 7.071067812e-01 6.123233996e-17 -7.071067812e-01
      vertex 6.935199227e-01 1.950903220e-01 -6.935199227e-01
    endloop
  endfacet
  facet normal 8.276171853e-01 9.615134934e-02 -5.529961236e-01
    outer loop
      vertex 6.935199227e-01 1.950903220e-01 -6.935199227e-01
      vertex 7.071067812e-01 6.123233996e-17 -7.071067812e-01
      vertex 9.061274464e-01 1.950903220e-01 -3.753302775e-01
    endloop
  endfacet
  facet normal 8.276171853e-01 9.615134934e-02 -5.529961236e-01
    outer loop
      vertex 7.071067812e-01 6.123233996e-17 -7.071067812e-01
      vertex 9.238795325e-01 6.123233996e-17 -3.826834324e-01
      vertex 9.061274464e-01 1.950903220e-01 -3.753302775e-01
    endloop
  endfacet
  facet normal 9.762410329e-01 9.615134934e-02 -1.941864150e-01
    outer loop
      vertex 9.061274464e-01 1.950903220e-01 -3.753302775e-01
      vertex 9.238795325e-01 6.123233996e-17 -3.826834324e-01
      vertex 9.807852804e-01 1.950903220e-01 -2.402231109e-16
    endloop
  endfacet
  facet normal 9.762410329e-01 9.615134934e-02 -1.941864150e-01
    outer loop
      vertex 9.238795325e-01 6.123233996e-17 -3.826834324e-01
      vertex 1.000000000e+00 6.123233996e-17 -2.449293598e-16
      vertex 9.807852804e-01 1.950903220e-01 -2.402231109e-16
    endloop
  endfacet
  facet normal 9.762410329e-01 -9.615134934e-02 1.941864150e-01
    outer loop
      vertex 1.000000000e+00 6.123233996e-17 0.000000000e+00
      vertex 9.807852804e-01 -1.950903220e-01 0.000000000e+00
      vertex 9.238795325e-01 6.123233996e-17 3.826834324e-01
    endloop
  endfacet
  facet normal 9.762410329e-01 -9.615134934e-02 1.941864150e-01
    outer loop
      vertex 9.807852804e-01 -1.950903220e-01 0.000000000e+00
      vertex 9.061274464e-01 -1.950903220e-01 3.753302775e-01
      vertex 9.238795325e-01 6.123233996e-17 3.826834324e-01
    endloop
  endfacet
  facet normal 8.276171853e-01 -9.615134934e-02 5.529961236e-01
    outer loop
      vertex 9.238795325e-01 6.123233996e-17 3.826834324e-01
      vertex 9.061274464e-01 -1.950903220e-01 3.753302775e-01
      vertex 7.071067812e-01 6.123233996e-17 7.071067812e-01
    endloop
  endfacet
  facet normal 8.276171853e-01 -9.615134934e-02 5.529961236e-01
    outer loop
      vertex 9.061274464e-01 -1.950903220e-01 3.753302775e-01
      vertex 6.935199227e-01 -1.950903220e-01 6.935199227e-01
      vertex 7.071067812e-01 6.123233996e-17 7.071067812e-01
    endloop
  endfacet
  facet normal 5.529961236e-01 -9.615134934e-02 8.276171853e-01
    outer loop
      vertex 7.071067812e-01 6.123233996e-17 7.071067812e-01
      vertex 6.935199227e-01 -1.950903220e-01 6.935199227e-01
      vertex 3.826834324e-01 6.123233996e-17 9.238795325e-01
    endloop
  endfacet
  facet normal 5.529961236e-01 -9.615134934e-02 8.276171853e-01
    outer loop
      vertex 6.935199227e-01 -1.950903220e-01 6.935199227e-01
      vertex 3.753302775e-01 -1.950903220e-01 9.061274464e-01
      vertex 3.826834324e-01 6.123233996e-17 9.238795325e-01
    endloop
  endfacet
  facet normal 1.941864150e-01 -9.615134934e-02 9.762410329e-01
    outer loop
      vertex 3.826834324e-01 6.123233996e-17 9.238795325e-01
      vertex 3.753302775e-01 -1.950903220e-01 9.061274464e-01
      vertex 6.123233996e-17 6.123233996e-17 1.000000000e+00
    endloop
  endfacet
  facet normal 1.941864150e-01 -9.615134934e-02 9.762410329e-01
    outer loop
      vertex 3.753302775e-01 -1.950903220e-01 9.061274464e-01
      vertex 6.005577771e-17 -1.950903220e-01 9.807852804e-01
      vertex 6.123233996e-17 6.123233996e-17 1.000000000e+00
    endloop
  endfacet
  facet normal -1.941864150e-01 -9.615134934e-02 9.762410329e-01
    outer loop
      vertex 6.123233996e-17 6.123233996e-17 1.000000000e+00
      vertex 6.005577771e-17 -1.950903220e-01 9.807852804e-01
      vertex -3.826834324e-01 6.123233996e-17 9.238795325e-01
    endloop
  endfacet
  facet normal -1.941864150e-01 -9.615134934e-02 9.762410329e-01
    outer loop
      vertex 6.005577771e-17 -1.950903220e-01 9.807852804e-01
      vertex -3.753302775e-01 -1.950903220e-01 9.061274464e-01
      vertex -3.826834324e-01 6.123233996e-17 9.238795325e-01
    endloop
  endfacet
  facet normal -5.529961236e-01 -9.615134934e-02 8.276171853e-01
    outer loop
      vertex -3.826834324e-01 6.123233996e-17 9.238795325e-01
      vertex -3.753302775e-01 -1.950903220e-01 9.061274464e-01
      vertex -7.071067812e-01 6.123233996e-17 7.071067812e-01
    endloop
  endfacet
  facet normal -5.529961236e-01 -9.615134934e-02 8.276171853e-01
    outer loop
      vertex -3.753302775e-01 -1.950903220e-01 9.061274464e-01
      vertex -6.935199227e-01 -1.950903220e-01 6.935199227e-01
      vertex -7.071067812e-01 6.123233996e-17 7.071067812e-01
    endloop
  endfacet
  facet normal -8.276171853e-01 -9.615134934e-02 5.529961236e-01
    outer loop
      vertex -7.071067812e-01 6.123233996e-17 7.071067812e-01
      vertex -6.935199227e-01 -1.950903220e-01 6.935199227e-01
      vertex -9.238795325e-01 6.123233996e-17 3.826834324e-01
    endloop
  endfacet
  facet normal -8.276171853e-01 -9.615134934e-02 5.529961236e-01
    outer loop
      vertex -6.935199227e-01 -1.950903220e-01 6.935199227e-01
      vertex -9.061274464e-01 -1.950903220e-01 3.753302775e-01
      vertex -9.238795325e-01 6.123233996e-17 3.826834324e-01
    endloop
  endfacet
  facet normal -9.762410329e-01 -9.615134934e-02 1.941864150e-01
    outer loop
      vertex -9.238795325e-01 6.123233996e-17 3.826834324e-01
      vertex -9.061274464e-01 -1.950903220e-01 3.753302775e-01
      vertex -1.000000000e+00 6.123233996e-17 1.224646799e-16
    endloop
  endfacet
  facet normal -9.762410329e-01 -9.615134934e-02 1.941864150e-01
    outer loop
      vertex -9.061274464e-01 -1.950903220e-01 3.753302775e-01
      vertex -9.807852804e-01 -1.950903220e-01 1.201115554e-16
      vertex -1.000000000e+00 6.123233996e-17 1.224646799e-16
    endloop
  endfacet
  facet normal -9.762410329e-01 -9.615134934e-02 -1.941864150e-01
    outer loop
      vertex -1.000000000e+00 6.123233996e-17 1.224646799e-16
      vertex -9.807852804e-01 -1.950903220e-01 1.201115554e-16
      vertex -9.238795325e-01 6.123233996e-17 -3.826834324e-01
    endloop
  endfacet
  facet normal -9.762410329e-01 -9.615134934e-02 -1.941864150e-01
    outer loop
      vertex -9.807852804e-01 -1.950903220e-01 1.201115554e-16
      vertex -9.061274464e-01 -1.950903220e-01 -3.753302775e-01
      vertex -9.238795325e-01 6.123233996e-17 -3.826834324e-01
    endloop
  endfacet
  facet normal -8.276171853e-01 -9.615134934e-02 -5.529961236e-01
    outer loop
      vertex -9.238795325e-01 6.123233996e-17 -3.826834324e-01
      vertex -9.061274464e-01 -1.950903220e-01 -3.753302775e-01
      vertex -7.071067812e-01 6.123233996e-17 -7.071067812e-01
    endloop
  endfacet
  facet normal -8.276171853e-01 -9.615134934e-02 -5.529961236e-01
    outer loop
      vertex -9.061274464e-01 -1.950903220e-01 -3.753302775e-01
      vertex -6.935199227e-01 -1.950903220e-01 -6.935199227e-01
      vertex -7.071067812e-01 6.123233996e-17 -7.071067812e-01
    endloop
  endfacet
  facet normal -5.529961236e-01 -9.615134934e-02 -8.276171853e-01
    outer loop
      vertex -7.071067812e-01 6.123233996e-17 -7.071067812e-01
      vertex -6.935199227e-01 -1.950903220e-01 -6.935199227e-01
      vertex -3.826834324e-01 6.123233996e-17 -9.238795325e-01
    endloop
  endfacet
  facet normal -5.529961236e-01 -9.615134934e-02 -8.276171853e-01
    outer loop
      vertex -6.935199227e-01 -1.950903220e-01 -6.935199227e-01
      vertex -3.753302775e-01 -1.950903220e-01 -9.061274464e-01
      vertex -3.826834324e-01 6.123233996e-17 -9.238795325e-01
    endloop
  endfacet
  facet normal -1.941864150e-01 -9.615134934e-02 -9.762410329e-01
    outer loop
      vertex -3.826834324e-01 6.123233996e-17 -9.238795325e-01
      vertex -3.753302775e-01 -1.950903220e-01 -9.061274464e-01
      vertex -1.836970199e-16 6.123233996e-17 -1.000000000e+00
    endloop
  endfacet
  facet normal -1.941864150e-01 -9.615134934e-02 -9.762410329e-01
    outer loop
      vertex -3.753302775e-01 -1.950903220e-01 -9.061274464e-01
      vertex -1.801673331e-16 -1.950903220e-01 -9.807852804e-01
      vertex -1.836970199e-16 6.123233996e-17 -1.000000000e+00
    endloop
  endfacet
  facet normal 1.941864150e-01 -9.615134934e-02 -9.762410329e-01
    outer loop
      vertex -1.836970199e-16 6.123233996e-17 -1.000000000e+00
      vertex -1.801673331e-16 -1.950903220e-01 -9.807852804e-01
      vertex 3.826834324e-01 6.123233996e-17 -9.238795325e-01
    endloop
  endfacet
  facet normal 1.941864150e-01 -9.615134934e-02 -9.762410329e-01
    outer loop
      vertex -1.801673331e-16 -1.950903220e-01 -9.807852804e-01
      vertex 3.753302775e-01 -1.950903220e-01 -9.061274464e-01
      vertex 3.826834324e-01 6.123233996e-17 -9.238795325e-01
    endloop
  endfacet
  facet normal 5.529961236e-01 -9.615134934e-02 -8.276171853e-01
    outer loop
      vertex 3.826834324e-01 6.123233996e-17 -9.238795325e-01
      vertex 3.753302775e-01 -1.950903220e-01 -9.061274464e-01
      vertex 7.071067812e-01 6.123233996e-17 -7.071067812e-01
    endloop
  endfacet
  facet normal 5.529961236e-01 -9.615134934e-02 -8.276171853e-01
    outer loop
      vertex 3.753302775e-01 -1.950903220e-01 -9.061274464e-01
      vertex 6.935199227e-01 -1.950903220e-01 -6.935199227e-01
      vertex 7.071067812e-01 6.123233996e-17 -7.071067812e-01
    endloop
  endfacet
  facet normal 8.276171853e-01 -9.615134934e-02 -5.529961236e-01
    outer loop
      vertex 7.071067812e-01 6.123233996e-17 -7.071067812e-01
      vertex 6.935199227e-01 -1.950903220e-01 -6.935199227e-01
      vertex 9.238795325e-01 6.123233996e-17 -3.826834324e-01
    endloop
  endfacet
  facet normal 8.276171853e-01 -9.615134934e-02 -5.529961236e-01
    outer loop
      vertex 6.935199227e-01 -1.950903220e-01 -6.935199227e-01
      vertex 9.061274464e-01 -1.950903220e-01 -3.753302775e-01
      vertex 9.238795325e-01 6.123233996e-17 -3.826834324e-01
    endloop
  endfacet
  facet normal 9.762410329e-01 -9.615134934e-02 -1.941864150e-01
    outer loop
      vertex 9.238795325e-01 6.123233996e-17 -3.826834324e-01
      vertex 9.061274464e-01 -1.950903220e-01 -3.753302775e-01
      vertex 1.000000000e+00 6.123233996e-17 -2.449293598e-16
    endloop
  endfacet
  facet normal 9.762410329e-01 -9.615134934e-02 -1.941864150e-01
    outer loop
      vertex 9.061274464e-01 -1.950903220e-01 -3.753302775e-01
      vertex 9.807852804e-01 -1.950903220e-01 -2.402231109e-16
      vertex 1.000000000e+00 6.123233996e-17 -2.449293598e-16
    endloop
  endfacet
  facet normal 9.400616669e-01 -2.851645890e-01 1.869898916e-01
    outer loop
      vertex 9.807852804e-01 -1.950903220e-01 0.000000000e+00
      vertex 9.238795325e-01 -3.826834324e-01 0.000000000e+00
      vertex 9.061274464e-01 -1.950903220e-01 3.753302775e-01
    endloop
  endfacet
  facet normal 9.400616669e-01 -2.851645890e-01 1.869898916e-01
    outer loop
      vertex 9.238795325e-01 -3.826834324e-01 0.000000000e+00
      vertex 8.535533906e-01 -3.826834324e-01 3.535533906e-01
      vertex 9.061274464e-01 -1.950903220e-01 3.753302775e-01
    endloop
  endfacet
  facet normal 7.969457998e-01 -2.851645890e-01 5.325021590e-01
    outer loop
      vertex 9.061274464e-01 -1.950903220e-01 3.753302775e-01
      vertex 8.535533906e-01 -3.826834324e-01 3.535533906e-01
      vertex 6.935199227e-01 -1.950903220e-01 6.935199227e-01
    endloop
  endfacet
  facet normal 7.969457998e-01 -2.851645890e-01 5.325021590e-01
    outer loop
      vertex 8.535533906e-01 -3.826834324e-01 3.535533906e-01
      vertex 6.532814824e-01 -3.826834324e-01 6.532814824e-01
      vertex 6.935199227e-01 -1.950903220e-01 6.935199227e-01
    endloop
  endfacet
  facet normal 5.325021590e-01 -2.851645890e-01 7.969457998e-01
    outer loop
      vertex 6.935199227e-01 -1.950903220e-01 6.935199227e-01
      vertex 6.532814824e-01 -3.826834324e-01 6.532814824e-01
      vertex 3.753302775e-01 -1.950903220e-01 9.061274464e-01
    endloop
  endfacet
  facet normal 5.325021590e-01 -2.851645890e-01 7.969457998e-01
    outer loop
      vertex 6.532814824e-01 -3.826834324e-01 6.532814824e-01
      vertex 3.535533906e-01 -3.826834324e-01 8.535533906e-01
      vertex 3.753302775e-01 -1.950903220e-01 9.061274464e-01
    endloop
  endfacet
  facet normal 1.869898916e-01 -2.851645890e-01 9.400616669e-01
    outer loop
      vertex 3.753302775e-01 -1.950903220e-01 9.061274464e-01
      vertex 3.535533906e-01 -3.826834324e-01 8.535533906e-01
      vertex 6.005577771e-17 -1.950903220e-01 9.807852804e-01
    endloop
  endfacet
  facet normal 1.869898916e-01 -2.851645890e-01 9.400616669e-01
    outer loop
      vertex 3.535533906e-01 -3.826834324e-01 8.535533906e-01
      vertex 5.657130561e-17 -3.826834324e-01 9.238795325e-01
      vertex 6.005577771e-17 -1.950903220e-01 9.807852804e-01
    endloop
  endfacet
  facet normal -1.869898916e-01 -2.851645890e-01 9.400616669e-01
    outer loop
      vertex 6.005577771e-17 -1.950903220e-01 9.807852804e-01
      vertex 5.657130561e-17 -3.826834324e-01 9.238795325e-01
      vertex -3.753302775e-01 -1.950903220e-01 9.061274464e-01
    endloop
  endfacet
  facet normal -1.869898916e-01 -2.851645890e-01 9.400616669e-01
    outer loop
      vertex 5.657130561e-17 -3.826834324e-01 9.238795325e-01
      vertex -3.535533906e-01 -3.826834324e-01 8.535533906e-01
      vertex -3.753302775e-01 -1.950903220e-01 9.061274464e-01
    endloop
  endfacet
  facet normal -5.325021590e-01 -2.851645890e-01 7.969457998e-01
    outer loop
      vertex -3.753302775e-01 -1.950903220e-01 9.061274464e-01
      vertex -3.535533906e-01 -3.826834324e-01 8.535533906e-01
      vertex -6.935199227e-01 -1.950903220e-01 6.935199227e-01
    endloop
  endfacet
  facet normal -5.325021590e-01 -2.851645890e-01 7.969457998e-01
    outer loop
      vertex -3.535533906e-01 -3.826834324e-01 8.535533906e-01
      vertex -6.532814824e-01 -3.826834324e-01 6.532814824e-01
      vertex -6.935199227e-01 -1.950903220e-01 6.935199227e-01
    endloop
  endfacet
  facet normal -7.969457998e-01 -2.851645890e-01 5.325021590e-01
    outer loop
      vertex -6.935199227e-01 -1.950903220e-01 6.935199227e-01
      vertex -6.532814824e-01 -3.826834324e-01 6.532814824e-01
      vertex -9.061274464e-01 -1.950903220e-01 3.753302775e-01
    endloop
  endfacet
  facet normal -7.969457998e-01 -2.851645890e-01 5.325021590e-01
    outer loop
      vertex -6.532814824e-01 -3.826834324e-01 6.532814824e-01
      vertex -8.535533906e-01 -3.826834324e-01 3.535533906e-01
      vertex -9.061274464e-01 -1.950903220e-01 3.753302775e-01
    endloop
  endfacet
  facet normal -9.400616669e-01 -2.851645890e-01 1.869898916e-01
    outer loop
      vertex -9.061274464e-01 -1.950903220e-01 3.753302775e-01
      vertex -8.535533906e-01 -3.826834324e-01 3.535533906e-01
      vertex -9.807852804e-01 -1.950903220e-01 1.201115554e-16
    endloop
  endfacet
  facet normal -9.400616669e-01 -2.851645890e-01 1.869898916e-01
    outer loop
      vertex -8.535533906e-01 -3.826834324e-01 3.535533906e-01
      vertex -9.238795325e-01 -3.826834324e-01 1.131426112e-16
      vertex -9.807852804e-01 -1.950903220e-01 1.201115554e-16
    endloop
  endfacet
  facet normal -9.400616669e-01 -2.851645890e-01 -1.869898916e-01
    outer loop
      vertex -9.807852804e-01 -1.950903220e-01 1.201115554e-16
      vertex -9.238795325e-01 -3.826834324e-01 1.131426112e-16
      vertex -9.061274464e-01 -1.950903220e-01 -3.753302775e-01
    endloop
  endfacet
  facet normal -9.400616669e-01 -2.851645890e-01 -1.869898916e-01
    outer loop
      vertex -9.238795325e-01 -3.826834324e-01 1.131426112e-16
      vertex -8.535533906e-01 -3.826834324e-01 -3.535533906e-01
      vertex -9.061274464e-01 -1.950903220e-01 -3.753302775e-01
    endloop
  endfacet
  facet normal -7.969457998e-01 -2.851645890e-01 -5.325021590e-01
    outer loop
      vertex -9.061274464e-01 -1.950903220e-01 -3.753302775e-01
      vertex -8.535533906e-01 -3.826834324e-01 -3.535533906e-01
      vertex -6.935199227e-01 -1.950903220e-01 -6.935199227e-01
    endloop
  endfacet
  facet normal -7.969457998e-01 -2.851645890e-01 -5.325021590e-01
    outer loop
      vertex -8.535533906e-01 -3.826834324e-01 -3.535533906e-01
      vertex -6.532814824e-01 -3.826834324e-01 -6.532814824e-01
      vertex -6.935199227e-01 -1.950903220e-01 -6.935199227e-01
    endloop
  endfacet
  facet normal -5.325021590e-01 -2.851645890e-01 -7.969457998e-01
    outer loop
      vertex -6.935199227e-01 -1.950903220e-01 -6.935199227e-01
      vertex -6.532814824e-01 -3.826834324e-01 -6.532814824e-01
      vertex -3.753302775e-01 -1.950903220e-01 -9.061274464e-01
    endloop
  endfacet
  facet normal -5.325021590e-01 -2.851645890e-01 -7.969457998e-01
    outer loop
      vertex -6.532814824e-01 -3.826834324e-01 -6.532814824e-01
      vertex -3.535533906e-01 -3.826834324e-01 -8.535533906e-01
      vertex -3.753302775e-01 -1.950903220e-01 -9.061274464e-01
    endloop
  endfacet
  facet normal -1.869898916e-01 -2.851645890e-01 -9.400616669e-01
    outer loop
      vertex -3.753302775e-01 -1.950903220e-01 -9.061274464e-01
      vertex -3.535533906e-01 -3.826834324e-01 -8.535533906e-01
      vertex -1.801673331e-16 -1.950903220e-01 -9.807852804e-01
    endloop
  endfacet
  facet normal -1.869898916e-01 -2.851645890e-01 -9.400616669e-01
    outer loop
      vertex -3.535533906e-01 -3.826834324e-01 -8.535533906e-01
      vertex -1.697139168e-16 -3.826834324e-01 -9.238795325e-01
      vertex -1.801673331e-16 -1.950903220e-01 -9.807852804e-01
    endloop
  endfacet
  facet normal 1.869898916e-01 -2.851645890e-01 -9.400616669e-01
    outer loop
      vertex -1.801673331e-16 -1.950903220e-01 -9.807852804e-01
      vertex -1.697139168e-16 -3.826834324e-01 -9.238795325e-01
      vertex 3.753302775e-01 -1.950903220e-01 -9.061274464e-01
    endloop
  endfacet
  facet normal 1.869898916e-01 -2.851645890e-01 -9.400616669e-01
    outer loop
      vertex -1.697139168e-16 -3.826834324e-01 -9.238795325e-01
      vertex 3.535533906e-01 -3.826834324e-01 -8.535533906e-01
      vertex 3.753302775e-01 -1.950903220e-01 -9.061274464e-01
    endloop
  endfacet
  facet normal 5.325021590e-01 -2.851645890e-01 -7.969457998e-01
    outer loop
      vertex 3.753302775e-01 -1.950903220e-01 -9.061274464e-01
      vertex 3.535533906e-01 -3.826834324e-01 -8.535533906e-01
      vertex 6.935199227e-01 -1.950903220e-01 -6.935199227e-01
    endloop
  endfacet
  facet normal 5.325021590e-01 -2.851645890e-01 -7.969457998e-01
    outer loop
      vertex 3.535533906e-01 -3.826834324e-01 -8.535533906e-01
      vertex 6.532814824e-01 -3.826834324e-01 -6.532814824e-01
      vertex 6.935199227e-01 -1.950903220e-01 -6.935199227e-01
    endloop
  endfacet
  facet normal 7.969457998e-01 -2.851645890e-01 -5.325021590e-01
    outer loop
      vertex 6.935199227e-01 -1.950903220e-01 -6.935199227e-01
      vertex 6.532814824e-01 -3.826834324e-01 -6.532814824e-01
      vertex 9.061274464e-01 -1.950903220e-01 -3.753302775e-01
    endloop
  endfacet
  facet normal 7.969457998e-01 -2.851645890e-01 -5.325021590e-01
    outer loop
      vertex 6.532814824e-01 -3.826834324e-01 -6.532814824e-01
      vertex 8.535533906e-01 -3.826834324e-01 -3.535533906e-01
      vertex 9.061274464e-01 -1.950903220e-01 -3.753302775e-01
    endloop
  endfacet
  facet normal 9.400616669e-01 -2.851645890e-01 -1.869898916e-01
    outer loop
      vertex 9.061274464e-01 -1.950903220e-01 -3.753302775e-01
      vertex 8.535533906e-01 -3.826834324e-01 -3.535533906e-01
      vertex 9.807852804e-01 -1.950903220e-01 -2.402231109e-16
    endloop
  endfacet
  facet normal 9.400616669e-01 -2.851645890e-01 -1.869898916e-01
    outer loop
      vertex 8.535533906e-01 -3.826834324e-01 -3.535533906e-01
      vertex 9.238795325e-01 -3.826834324e-01 -2.262852225e-16
      vertex 9.807852804e-01 -1.950903220e-01 -2.402231109e-16
    endloop
  endfacet
  facet normal 8.686565477e-01 -4.643065981e-01 1.727865303e-01
    outer loop
      vertex 9.238795325e-01 -3.826834324e-01 0.000000000e+00
      vertex 8.314696123e-01 -5.555702330e-01 0.000000000e+00
      vertex 8.535533906e-01 -3.826834324e-01 3.535533906e-01
    endloop
  endfacet
  facet normal 8.686565477e-01 -4.643065981e-01 1.727865303e-01
    outer loop
      vertex 8.314696123e-01 -5.555702330e-01 0.000000000e+00
      vertex 7.681777567e-01 -5.555702330e-01 3.181896451e-01
      vertex 8.535533906e-01 -3.826834324e-01 3.535533906e-01
    endloop
  endfacet
  facet normal 7.364114627e-01 -4.643065981e-01 4.920544081e-01
    outer loop
      vertex 8.535533906e-01 -3.826834324e-01 3.535533906e-01
      vertex 7.681777567e-01 -5.555702330e-01 3.181896451e-01
      vertex 6.532814824e-01 -3.826834324e-01 6.532814824e-01
    endloop
  endfacet
  facet normal 7.364114627e-01 -4.643065981e-01 4.920544081e-01
    outer loop
      vertex 7.681777567e-01 -5.555702330e-01 3.181896451e-01
      vertex 5.879378012e-01 -5.555702330e-01 5.879378012e-01
      vertex 6.532814824e-01 -3.826834324e-01 6.532814824e-01
    endloop
  endfacet
  facet normal 4.920544081e-01 -4.643065981e-01 7.364114627e-01
    outer loop
      vertex 6.532814824e-01 -3.826834324e-01 6.532814824e-01
      vertex 5.879378012e-01 -5.555702330e-01 5.879378012e-01
      vertex 3.535533906e-01 -3.826834324e-01 8.535533906e-01
    endloop
  endfacet
  facet normal 4.920544081e-01 -4.643065981e-01 7.364114627e-01
    outer loop
      vertex 5.879378012e-01 -5.555702330e-01 5.879378012e-01
      vertex 3.181896451e-01 -5.555702330e-01 7.681777567e-01
      vertex 3.535533906e-01 -3.826834324e-01 8.535533906e-01
    endloop
  endfacet
  facet normal 1.727865303e-01 -4.643065981e-01 8.686565477e-01
    outer loop
      vertex 3.535533906e-01 -3.826834324e-01 8.535533906e-01
      vertex 3.181896451e-01 -5.555702330e-01 7.681777567e-01
      vertex 5.657130561e-17 -3.826834324e-01 9.238795325e-01
    endloop
  endfacet
  facet normal 1.727865303e-01 -4.643065981e-01 8.686565477e-01
    outer loop
      vertex 3.181896451e-01 -5.555702330e-01 7.681777567e-01
      vertex 5.091282996e-17 -5.555702330e-01 8.314696123e-01
      vertex 5.657130561e-17 -3.826834324e-01 9.238795325e-01
    endloop
  endfacet
  facet normal -1.727865303e-01 -4.643065981e-01 8.686565477e-01
    outer loop
      vertex 5.657130561e-17 -3.826834324e-01 9.238795325e-01
      vertex 5.091282996e-17 -5.555702330e-01 8.314696123e-01
      vertex -3.535533906e-01 -3.826834324e-01 8.535533906e-01
    endloop
  endfacet
  facet normal -1.727865303e-01 -4.643065981e-01 8.686565477e-01
    outer loop
      vertex 5.091282996e-17 -5.555702330e-01 8.314696123e-01
      vertex -3.181896451e-01 -5.555702330e-01 7.681777567e-01
      vertex -3.535533906e-01 -3.826834324e-01 8.535533906e-01
    endloop
  endfacet
  facet normal -4.920544081e-01 -4.643065981e-01 7.364114627e-01
    outer loop
      vertex -3.535533906e-01 -3.826834324e-01 8.535533906e-01
      vertex -3.181896451e-01 -5.555702330e-01 7.681777567e-01
      vertex -6.532814824e-01 -3.826834324e-01 6.532814824e-01
    endloop
  endfacet
  facet normal -4.920544081e-01 -4.643065981e-01 7.364114627e-01
    outer loop
      vertex -3.181896451e-01 -5.555702330e-01 7.681777567e-01
      vertex -5.879378012e-01 -5.555702330e-01 5.879378012e-01
      vertex -6.532814824e-01 -3.826834324e-01 6.532814824e-01
    endloop
  endfacet
  facet normal -7.364114627e-01 -4.643065981e-01 4.920544081e-01
    outer loop
      vertex -6.532814824e-01 -3.826834324e-01 6.532814824e-01
      vertex -5.879378012e-01 -5.555702330e-01 5.879378012e-01
      vertex -8.535533906e-01 -3.826834324e-01 3.535533906e-01
    endloop
  endfacet
  facet normal -7.364114627e-01 -4.643065981e-01 4.920544081e-01
    outer loop
      vertex -5.879378012e-01 -5.555702330e-01 5.879378012e-01
      vertex -7.681777567e-01 -5.555702330e-01 3.181896451e-01
      vertex -8.535533906e-01 -3.826834324e-01 3.535533906e-01
    endloop
  endfacet
  facet normal -8.686565477e-01 -4.643065981e-01 1.727865303e-01
    outer loop
      vertex -8.535533906e-01 -3.826834324e-01 3.535533906e-01
      vertex -7.681777567e-01 -5.555702330e-01 3.181896451e-01
      vertex -9.238795325e-01 -3.826834324e-01 1.131426112e-16
    endloop
  endfacet
  facet normal -8.686565477e-01 -4.643065981e-01 1.727865303e-01
    outer loop
      vertex -7.681777567e-01 -5.555702330e-01 3.181896451e-01
      vertex -8.314696123e-01 -5.555702330e-01 1.018256599e-16
      vertex -9.238795325e-01 -3.826834324e-01 1.131426112e-16
    endloop
  endfacet
  facet normal -8.686565477e-01 -4.643065981e-01 -1.727865303e-01
    outer loop
      vertex -9.238795325e-01 -3.826834324e-01 1.131426112e-16
      vertex -8.314696123e-01 -5.555702330e-01 1.018256599e-16
      vertex -8.535533906e-01 -3.826834324e-01 -3.535533906e-01
    endloop
  endfacet
  facet normal -8.686565477e-01 -4.643065981e-01 -1.727865303e-01
    outer loop
      vertex -8.314696123e-01 -5.555702330e-01 1.018256599e-16
      vertex -7.681777567e-01 -5.555702330e-01 -3.181896451e-01
      vertex -8.535533906e-01 -3.826834324e-01 -3.535533906e-01
    endloop
  endfacet
  facet normal -7.364114627e-01 -4.643065981e-01 -4.920544081e-01
    outer loop
      vertex -8.535533906e-01 -3.826834324e-01 -3.535533906e-01
      vertex -7.681777567e-01 -5.555702330e-01 -3.181896451e-01
      vertex -6.532814824e-01 -3.826834324e-01 -6.532814824e-01
    endloop
  endfacet
  facet normal -7.364114627e-01 -4.643065981e-01 -4.920544081e-01
    outer loop
      vertex -7.681777567e-01 -5.555702330e-01 -3.181896451e-01
      vertex -5.879378012e-01 -5.555702330e-01 -5.879378012e-01
      vertex -6.532814824e-01 -3.826834324e-01 -6.532814824e-01
    endloop
  endfacet
  facet normal -4.920544081e-01 -4.643065981e-01 -7.364114627e-01
    outer loop
      vertex -6.532814824e-01 -3.826834324e-01 -6.532814824e-01
      vertex -5.879378012e-01 -5.555702330e-01 -5.879378012e-01
      vertex -3.535533906e-01 -3.826834324e-01 -8.535533906e-01
    endloop
  endfacet
  facet normal -4.920544081e-01 -4.643065981e-01 -7.364114627e-01
    outer loop
      vertex -5.879378012e-01 -5.555702330e-01 -5.879378012e-01
      vertex -3.181896451e-01 -5.555702330e-01 -7.681777567e-01
      vertex -3.535533906e-01 -3.826834324e-01 -8.535533906e-01
    endloop
  endfacet
  facet normal -1.727865303e-01 -4.643065981e-01 -8.686565477e-01
    outer loop
      vertex -3.535533906e-01 -3.826834324e-01 -8.535533906e-01
      vertex -3.181896451e-01 -5.555702330e-01 -7.681777567e-01
      vertex -1.697139168e-16 -3.826834324e-01 -9.238795325e-01
    endloop
  endfacet
  facet normal -1.727865303e-01 -4.643065981e-01 -8.686565477e-01
    outer loop
      vertex -3.181896451e-01 -5.555702330e-01 -7.681777567e-01
      vertex -1.527384899e-16 -5.555702330e-01 -8.314696123e-01
      vertex -1.697139168e-16 -3.826834324e-01 -9.238795325e-01
    endloop
  endfacet
  facet normal 1.727865303e-01 -4.643065981e-01 -8.686565477e-01
    outer loop
      vertex -1.697139168e-16 -3.826834324e-01 -9.238795325e-01
      vertex -1.527384899e-16 -5.555702330e-01 -8.314696123e-01
      vertex 3.535533906e-01 -3.826834324e-01 -8.535533906e-01
    endloop
  endfacet
  facet normal 1.727865303e-01 -4.643065981e-01 -8.686565477e-01
    outer loop
      vertex -1.527384899e-16 -5.555702330e-01 -8.314696123e-01
      vertex 3.181896451e-01 -5.555702330e-01 -7.681777567e-01
      vertex 3.535533906e-01 -3.826834324e-01 -8.535533906e-01
    endloop
  endfacet
  facet normal 4.920544081e-01 -4.643065981e-01 -7.364114627e-01
    outer loop
      vertex 3.535533906e-01 -3.826834324e-01 -8.535533906e-01
      vertex 3.181896451e-01 -5.555702330e-01 -7.681777567e-01
      vertex 6.532814824e-01 -3.826834324e-01 -6.532814824e-01
    endloop
  endfacet
  facet normal 4.920544081e-01 -4.643065981e-01 -7.364114627e-01
    outer loop
      vertex 3.181896451e-01 -5.555702330e-01 -7.681777567e-01
      vertex 5.879378012e-01 -5.555702330e-01 -5.879378012e-01
      vertex 6.532814824e-01 -3.826834324e-01 -6.532814824e-01
    endloop
  endfacet
  facet normal 7.364114627e-01 -4.643065981e-01 -4.920544081e-01
    outer loop
      vertex 6.532814824e-01 -3.826834324e-01 -6.532814824e-01
      vertex 5.879378012e-01 -5.555702330e-01 -5.879378012e-01
      vertex 8.535533906e-01 -3.826834324e-01 -3.535533906e-01
    endloop
  endfacet
  facet normal 7.364114627e-01 -4.643065981e-01 -4.920544081e-01
    outer loop
      vertex 5.879378012e-01 -5.555702330e-01 -5.879378012e-01
      vertex 7.681777567e-01 -5.555702330e-01 -3.181896451e-01
      vertex 8.535533906e-01 -3.826834324e-01 -3.535533906e-01
    endloop
  endfacet
  facet normal 8.686565477e-01 -4.643065981e-01 -1.727865303e-01
    outer loop
      vertex 8.535533906e-01 -3.826834324e-01 -3.535533906e-01
      vertex 7.681777567e-01 -5.555702330e-01 -3.181896451e-01
      vertex 9.238795325e-01 -3.826834324e-01 -2.262852225e-16
    endloop
  endfacet
  facet normal 8.686565477e-01 -4.643065981e-01 -1.727865303e-01
    outer loop
      vertex 7.681777567e-01 -5.555702330e-01 -3.181896451e-01
      vertex 8.314696123e-01 -5.555702330e-01 -2.036513199e-16
      vertex 9.238795325e-01 -3.826834324e-01 -2.262852225e-16
    endloop
  endfacet
  facet normal 7.640313903e-01 -6.270243576e-01 1.519752926e-01
    outer loop
      vertex 8.314696123e-01 -5.555702330e-01 0.000000000e+00
      vertex 7.071067812e-01 -7.071067812e-01 0.000000000e+00
      vertex 7.681777567e-01 -5.555702330e-01 3.181896451e-01
    endloop
  endfacet
  facet normal 7.640313903e-01 -6.270243576e-01 1.519752926e-01
    outer loop
      vertex 7.071067812e-01 -7.071067812e-01 0.000000000e+00
      vertex 6.532814824e-01 -7.071067812e-01 2.705980501e-01
      vertex 7.681777567e-01 -5.555702330e-01 3.181896451e-01
    endloop
  endfacet
  facet normal 6.477145371e-01 -6.270243576e-01 4.327890172e-01
    outer loop
      vertex 7.681777567e-01 -5.555702330e-01 3.181896451e-01
      vertex 6.532814824e-01 -7.071067812e-01 2.705980501e-01
      vertex 5.879378012e-01 -5.555702330e-01 5.879378012e-01
    endloop
  endfacet
  facet normal 6.477145371e-01 -6.270243576e-01 4.327890172e-01
    outer loop
      vertex 6.532814824e-01 -7.071067812e-01 2.705980501e-01
      vertex 5.000000000e-01 -7.071067812e-01 5.000000000e-01
      vertex 5.879378012e-01 -5.555702330e-01 5.879378012e-01
    endloop
  endfacet
  facet normal 4.327890172e-01 -6.270243576e-01 6.477145371e-01
    outer loop
      vertex 5.879378012e-01 -5.555702330e-01 5.879378012e-01
      vertex 5.000000000e-01 -7.071067812e-01 5.000000000e-01
      vertex 3.181896451e-01 -5.555702330e-01 7.681777567e-01
    endloop
  endfacet
  facet normal 4.327890172e-01 -6.270243576e-01 6.477145371e-01
    outer loop
      vertex 5.000000000e-01 -7.071067812e-01 5.000000000e-01
      vertex 2.705980501e-01 -7.071067812e-01 6.532814824e-01
      vertex 3.181896451e-01 -5.555702330e-01 7.681777567e-01
    endloop
  endfacet
  facet normal 1.519752926e-01 -6.270243576e-01 7.640313903e-01
    outer loop
      vertex 3.181896451e-01 -5.555702330e-01 7.681777567e-01
      vertex 2.705980501e-01 -7.071067812e-01 6.532814824e-01
      vertex 5.091282996e-17 -5.555702330e-01 8.314696123e-01
    endloop
  endfacet
  facet normal 1.519752926e-01 -6.270243576e-01 7.640313903e-01
    outer loop
      vertex 2.705980501e-01 -7.071067812e-01 6.532814824e-01
      vertex 4.329780281e-17 -7.071067812e-01 7.071067812e-01
      vertex 5.091282996e-17 -5.555702330e-01 8.314696123e-01
    endloop
  endfacet
  facet normal -1.519752926e-01 -6.270243576e-01 7.640313903e-01
    outer loop
      vertex 5.091282996e-17 -5.555702330e-01 8.314696123e-01
      vertex 4.329780281e-17 -7.071067812e-01 7.071067812e-01
      vertex -3.181896451e-01 -5.555702330e-01 7.681777567e-01
    endloop
  endfacet
  facet normal -1.519752926e-01 -6.270243576e-01 7.640313903e-01
    outer loop
      vertex 4.329780281e-17 -7.071067812e-01 7.071067812e-01
      vertex -2.705980501e-01 -7.071067812e-01 6.532814824e-01
      vertex -3.181896451e-01 -5.555702330e-01 7.681777567e-01
    endloop
  endfacet
  facet normal -4.327890172e-01 -6.270243576e-01 6.477145371e-01
    outer loop
      vertex -3.181896451e-01 -5.555702330e-01 7.681777567e-01
      vertex -2.705980501e-01 -7.071067812e-01 6.532814824e-01
      vertex -5.879378012e-01 -5.555702330e-01 5.879378012e-01
    endloop
  endfacet
  facet normal -4.327890172e-01 -6.270243576e-01 6.477145371e-01
    outer loop
      vertex -2.705980501e-01 -7.071067812e-01 6.532814824e-01
      vertex -5.000000000e-01 -7.071067812e-01 5.000000000e-01
      vertex -5.879378012e-01 -5.555702330e-01 5.879378012e-01
    endloop
  endfacet
  facet normal -6.477145371e-01 -6.270243576e-01 4.327890172e-01
    outer loop
      vertex -5.879378012e-01 -5.555702330e-01 5.879378012e-01
      vertex -5.000000000e-01 -7.071067812e-01 5.000000000e-01
      vertex -7.681777567e-01 -5.555702330e-01 3.181896451e-01
    endloop
  endfacet
  facet normal -6.477145371e-01 -6.270243576e-01 4.327890172e-01
    outer loop
      vertex -5.000000000e-01 -7.071067812e-01 5.000000000e-01
      vertex -6.532814824e-01 -7.071067812e-01 2.705980501e-01
      vertex -7.681777567e-01 -5.555702330e-01 3.181896451e-01
    endloop
  endfacet
  facet normal -7.640313903e-01 -6.270243576e-01 1.519752926e-01
    outer loop
      vertex -7.681777567e-01 -5.555702330e-01 3.181896451e-01
      vertex -6.532814824e-01 -7.071067812e-01 2.705980501e-01
      vertex -8.314696123e-01 -5.555702330e-01 1.018256599e-16
    endloop
  endfacet
  facet normal -7.640313903e-01 -6.270243576e-01 1.519752926e-01
    outer loop
      vertex -6.532814824e-01 -7.071067812e-01 2.705980501e-01
      vertex -7.071067812e-01 -7.071067812e-01 8.659560562e-17
      vertex -8.314696123e-01 -5.555702330e-01 1.018256599e-16
    endloop
  endfacet
  facet normal -7.640313903e-01 -6.270243576e-01 -1.519752926e-01
    outer loop
      vertex -8.314696123e-01 -5.555702330e-01 1.018256599e-16
      vertex -7.071067812e-01 -7.071067812e-01 8.659560562e-17
      vertex -7.681777567e-01 -5.555702330e-01 -3.181896451e-01
    endloop
  endfacet
  facet normal -7.640313903e-01 -6.270243576e-01 -1.519752926e-01
    outer loop
      vertex -7.071067812e-01 -7.071067812e-01 8.659560562e-17
      vertex -6.532814824e-01 -7.071067812e-01 -2.705980501e-01
      vertex -7.681777567e-01 -5.555702330e-01 -3.181896451e-01
    endloop
  endfacet
  facet normal -6.477145371e-01 -6.270243576e-01 -4.327890172e-01
    outer loop
      vertex -7.681777567e-01 -5.555702330e-01 -3.181896451e-01
      vertex -6.532814824e-01 -7.071067812e-01 -2.705980501e-01
      vertex -5.879378012e-01 -5.555702330e-01 -5.879378012e-01
    endloop
  endfacet
  facet normal -6.477145371e-01 -6.270243576e-01 -4.327890172e-01
    outer loop
      vertex -6.532814824e-01 -7.071067812e-01 -2.705980501e-01
      vertex -5.000000000e-01 -7.071067812e-01 -5.000000000e-01
      vertex -5.879378012e-01 -5.555702330e-01 -5.879378012e-01
    endloop
  endfacet
  facet normal -4.327890172e-01 -6.270243576e-01 -6.477145371e-01
    outer loop
      vertex -5.879378012e-01 -5.555702330e-01 -5.879378012e-01
      vertex -5.000000000e-01 -7.071067812e-01 -5.000000000e-01
      vertex -3.181896451e-01 -5.555702330e-01 -7.681777567e-01
    endloop
  endfacet
  facet normal -4.327890172e-01 -6.270243576e-01 -6.477145371e-01
    outer loop
      vertex -5.000000000e-01 -7.071067812e-01 -5.000000000e-01
      vertex -2.705980501e-01 -7.071067812e-01 -6.532814824e-01
      vertex -3.181896451e-01 -5.555702330e-01 -7.681777567e-01
    endloop
  endfacet
  facet normal -1.519752926e-01 -6.270243576e-01 -7.640313903e-01
    outer loop
      vertex -3.181896451e-01 -5.555702330e-01 -7.681777567e-01
      vertex -2.705980501e-01 -7.071067812e-01 -6.532814824e-01
      vertex -1.527384899e-16 -5.555702330e-01 -8.314696123e-01
    endloop
  endfacet
  facet normal -1.519752926e-01 -6.270243576e-01 -7.640313903e-01
    outer loop
      vertex -2.705980501e-01 -7.071067812e-01 -6.532814824e-01
      vertex -1.298934084e-16 -7.071067812e-01 -7.071067812e-01
      vertex -1.527384899e-16 -5.555702330e-01 -8.314696123e-01
    endloop
  endfacet
  facet normal 1.519752926e-01 -6.270243576e-01 -7.640313903e-01
    outer loop
      vertex -1.527384899e-16 -5.555702330e-01 -8.314696123e-01
      vertex -1.298934084e-16 -7.071067812e-01 -7.071067812e-01
      vertex 3.181896451e-01 -5.555702330e-01 -7.681777567e-01
    endloop
  endfacet
  facet normal 1.519752926e-01 -6.270243576e-01 -7.640313903e-01
    outer loop
      vertex -1.298934084e-16 -7.071067812e-01 -7.071067812e-01
      vertex 2.705980501e-01 -7.071067812e-01 -6.532814824e-01
      vertex 3.181896451e-01 -5.555702330e-01 -7.681777567e-01
    endloop
  endfacet
  facet normal 4.327890172e-01 -6.270243576e-01 -6.477145371e-01
    outer loop
      vertex 3.181896451e-01 -5.555702330e-01 -7.681777567e-01
      vertex 2.705980501e-01 -7.071067812e-01 -6.532814824e-01
      vertex 5.879378012e-01 -5.555702330e-01 -5.879378012e-01
    endloop
  endfacet
  facet normal 4.327890172e-01 -6.270243576e-01 -6.477145371e-01
    outer loop
      vertex 2.705980501e-01 -7.071067812e-01 -6.532814824e-01
      vertex 5.000000000e-01 -7.071067812e-01 -5.000000000e-01
      vertex 5.879378012e-01 -5.555702330e-01 -5.879378012e-01
    endloop
  endfacet
  facet normal 6.477145371e-01 -6.270243576e-01 -4.327890172e-01
    outer loop
      vertex 5.879378012e-01 -5.555702330e-01 -5.879378012e-01
      vertex 5.000000000e-01 -7.071067812e-01 -5.000000000e-01
      vertex 7.681777567e-01 -5.555702330e-01 -3.181896451e-01
    endloop
  endfacet
  facet normal 6.477145371e-01 -6.270243576e-01 -4.327890172e-01
    outer loop
      vertex 5.000000000e-01 -7.071067812e-01 -5.000000000e-01
      vertex 6.532814824e-01 -7.071067812e-01 -2.705980501e-01
      vertex 7.681777567e-01 -5.555702330e-01 -3.181896451e-01
    endloop
  endfacet
  facet normal 7.640313903e-01 -6.270243576e-01 -1.519752926e-01
    outer loop
      vertex 7.681777567e-01 -5.555702330e-01 -3.181896451e-01
      vertex 6.532814824e-01 -7.071067812e-01 -2.705980501e-01
      vertex 8.314696123e-01 -5.555702330e-01 -2.036513199e-16
    endloop
  endfacet
  facet normal 7.640313903e-01 -6.270243576e-01 -1.519752926e-01
    outer loop
      vertex 6.532814824e-01 -7.071067812e-01 -2.705980501e-01
      vertex 7.071067812e-01 -7.071067812e-01 -1.731912112e-16
      vertex 8.314696123e-01 -5.555702330e-01 -2.036513199e-16
    endloop
  endfacet
  facet normal 6.294019099e-01 -7.669284462e-01 1.251958239e-01
    outer loop
      vertex 7.071067812e-01 -7.071067812e-01 0.000000000e+00
      vertex 5.555702330e-01 -8.314696123e-01 0.000000000e+00
      vertex 6.532814824e-01 -7.071067812e-01 2.705980501e-01
    endloop
  endfacet
  facet normal 6.294019099e-01 -7.669284462e-01 1.251958239e-01
    outer loop
      vertex 5.555702330e-01 -8.314696123e-01 0.000000000e+00
      vertex 5.132799672e-01 -8.314696123e-01 2.126075237e-01
      vertex 6.532814824e-01 -7.071067812e-01 2.705980501e-01
    endloop
  endfacet
  facet normal 5.335811746e-01 -7.669284462e-01 3.565275425e-01
    outer loop
      vertex 6.532814824e-01 -7.071067812e-01 2.705980501e-01
      vertex 5.132799672e-01 -8.314696123e-01 2.126075237e-01
      vertex 5.000000000e-01 -7.071067812e-01 5.000000000e-01
    endloop
  endfacet
  facet normal 5.335811746e-01 -7.669284462e-01 3.565275425e-01
    outer loop
      vertex 5.132799672e-01 -8.314696123e-01 2.126075237e-01
      vertex 3.928474792e-01 -8.314696123e-01 3.928474792e-01
      vertex 5.000000000e-01 -7.071067812e-01 5.000000000e-01
    endloop
  endfacet
  facet normal 3.565275425e-01 -7.669284462e-01 5.335811746e-01
    outer loop
      vertex 5.000000000e-01 -7.071067812e-01 5.000000000e-01
      vertex 3.928474792e-01 -8.314696123e-01 3.928474792e-01
      vertex 2.705980501e-01 -7.071067812e-01 6.532814824e-01
    endloop
  endfacet
  facet normal 3.565275425e-01 -7.669284462e-01 5.335811746e-01
    outer loop
      vertex 3.928474792e-01 -8.314696123e-01 3.928474792e-01
      vertex 2.126075237e-01 -8.314696123e-01 5.132799672e-01
      vertex 2.705980501e-01 -7.071067812e-01 6.532814824e-01
    endloop
  endfacet
  facet normal 1.251958239e-01 -7.669284462e-01 6.294019099e-01
    outer loop
      vertex 2.705980501e-01 -7.071067812e-01 6.532814824e-01
      vertex 2.126075237e-01 -8.314696123e-01 5.132799672e-01
      vertex 4.329780281e-17 -7.071067812e-01 7.071067812e-01
    endloop
  endfacet
  facet normal 1.251958239e-01 -7.669284462e-01 6.294019099e-01
    outer loop
      vertex 2.126075237e-01 -8.314696123e-01 5.132799672e-01
      vertex 3.401886538e-17 -8.314696123e-01 5.555702330e-01
      vertex 4.329780281e-17 -7.071067812e-01 7.071067812e-01
    endloop
  endfacet
  facet normal -1.251958239e-01 -7.669284462e-01 6.294019099e-01
    outer loop
      vertex 4.329780281e-17 -7.071067812e-01 7.071067812e-01
      vertex 3.401886538e-17 -8.314696123e-01 5.555702330e-01
      vertex -2.705980501e-01 -7.071067812e-01 6.532814824e-01
    endloop
  endfacet
  facet normal -1.251958239e-01 -7.669284462e-01 6.294019099e-01
    outer loop
      vertex 3.401886538e-17 -8.314696123e-01 5.555702330e-01
      vertex -2.126075237e-01 -8.314696123e-01 5.132799672e-01
      vertex -2.705980501e-01 -7.071067812e-01 6.532814824e-01
    endloop
  endfacet
  facet normal -3.565275425e-01 -7.669284462e-01 5.335811746e-01
    outer loop
      vertex -2.705980501e-01 -7.071067812e-01 6.532814824e-01
      vertex -2.126075237e-01 -8.314696123e-01 5.132799672e-01
      vertex -5.000000000e-01 -7.071067812e-01 5.000000000e-01
    endloop
  endfacet
  facet normal -3.565275425e-01 -7.669284462e-01 5.335811746e-01
    outer loop
      vertex -2.126075237e-01 -8.314696123e-01 5.132799672e-01
      vertex -3.928474792e-01 -8.314696123e-01 3.928474792e-01
      vertex -5.000000000e-01 -7.071067812e-01 5.000000000e-01
    endloop
  endfacet
  facet normal -5.335811746e-01 -7.669284462e-01 3.565275425e-01
    outer loop
      vertex -5.000000000e-01 -7.071067812e-01 5.000000000e-01
      vertex -3.928474792e-01 -8.314696123e-01 3.928474792e-01
      vertex -6.532814824e-01 -7.071067812e-01 2.705980501e-01
    endloop
  endfacet
  facet normal -5.335811746e-01 -7.669284462e-01 3.565275425e-01
    outer loop
      vertex -3.928474792e-01 -8.314696123e-01 3.928474792e-01
      vertex -5.132799672e-01 -8.314696123e-01 2.126075237e-01
      vertex -6.532814824e-01 -7.071067812e-01 2.705980501e-01
    endloop
  endfacet
  facet normal -6.294019099e-01 -7.669284462e-01 1.251958239e-01
    outer loop
      vertex -6.532814824e-01 -7.071067812e-01 2.705980501e-01
      vertex -5.132799672e-01 -8.314696123e-01 2.126075237e-01
      vertex -7.071067812e-01 -7.071067812e-01 8.659560562e-17
    endloop
  endfacet
  facet normal -6.294019099e-01 -7.669284462e-01 1.251958239e-01
    outer loop
      vertex -5.132799672e-01 -8.314696123e-01 2.126075237e-01
      vertex -5.555702330e-01 -8.314696123e-01 6.803773076e-17
      vertex -7.071067812e-01 -7.071067812e-01 8.659560562e-17
    endloop
  endfacet
  facet normal -6.294019099e-01 -7.669284462e-01 -1.251958239e-01
    outer loop
      vertex -7.071067812e-01 -7.071067812e-01 8.659560562e-17
      vertex -5.555702330e-01 -8.314696123e-01 6.803773076e-17
      vertex -6.532814824e-01 -7.071067812e-01 -2.705980501e-01
    endloop
  endfacet
  facet normal -6.294019099e-01 -7.669284462e-01 -1.251958239e-01
    outer loop
      vertex -5.555702330e-01 -8.314696123e-01 6.803773076e-17
      vertex -5.132799672e-01 -8.314696123e-01 -2.126075237e-01
      vertex -6.532814824e-01 -7.071067812e-01 -2.705980501e-01
    endloop
  endfacet
  facet normal -5.335811746e-01 -7.669284462e-01 -3.565275425e-01
    outer loop
      vertex -6.532814824e-01 -7.071067812e-01 -2.705980501e-01
      vertex -5.132799672e-01 -8.314696123e-01 -2.126075237e-01
      vertex -5.000000000e-01 -7.071067812e-01 -5.000000000e-01
    endloop
  endfacet
  facet normal -5.335811746e-01 -7.669284462e-01 -3.565275425e-01
    outer loop
      vertex -5.132799672e-01 -8.314696123e-01 -2.126075237e-01
      vertex -3.928474792e-01 -8.314696123e-01 -3.928474792e-01
      vertex -5.000000000e-01 -7.071067812e-01 -5.000000000e-01
    endloop
  endfacet
  facet normal -3.565275425e-01 -7.669284462e-01 -5.335811746e-01
    outer loop
      vertex -5.000000000e-01 -7.071067812e-01 -5.000000000e-01
      vertex -3.928474792e-01 -8.314696123e-01 -3.928474792e-01
      vertex -2.705980501e-01 -7.071067812e-01 -6.532814824e-01
    endloop
  endfacet
  facet normal -3.565275425e-01 -7.669284462e-01 -5.335811746e-01
    outer loop
      vertex -3.928474792e-01 -8.314696123e-01 -3.928474792e-01
      vertex -2.126075237e-01 -8.314696123e-01 -5.132799672e-01
      vertex -2.705980501e-01 -7.071067812e-01 -6.532814824e-01
    endloop
  endfacet
  facet normal -1.251958239e-01 -7.669284462e-01 -6.294019099e-01
    outer loop
      vertex -2.705980501e-01 -7.071067812e-01 -6.532814824e-01
      vertex -2.126075237e-01 -8.314696123e-01 -5.132799672e-01
      vertex -1.298934084e-16 -7.071067812e-01 -7.071067812e-01
    endloop
  endfacet
  facet normal -1.251958239e-01 -7.669284462e-01 -6.294019099e-01
    outer loop
      vertex -2.126075237e-01 -8.314696123e-01 -5.132799672e-01
      vertex -1.020565961e-16 -8.314696123e-01 -5.555702330e-01
      vertex -1.298934084e-16 -7.071067812e-01 -7.071067812e-01
    endloop
  endfacet
  facet normal 1.251958239e-01 -7.669284462e-01 -6.294019099e-01
    outer loop
      vertex -1.298934084e-16 -7.071067812e-01 -7.071067812e-01
      vertex -1.020565961e-16 -8.314696123e-01 -5.555702330e-01
      vertex 2.705980501e-01 -7.071067812e-01 -6.532814824e-01
    endloop
  endfacet
  facet normal 1.251958239e-01 -7.669284462e-01 -6.294019099e-01
    outer loop
      vertex -1.020565961e-16 -8.314696123e-01 -5.555702330e-01
      vertex 2.126075237e-01 -8.314696123e-01 -5.132799672e-01
      vertex 2.705980501e-01 -7.071067812e-01 -6.532814824e-01
    endloop
  endfacet
  facet normal 3.565275425e-01 -7.669284462e-01 -5.335811746e-01
    outer loop
      vertex 2.705980501e-01 -7.071067812e-01 -6.532814824e-01
      vertex 2.126075237e-01 -8.314696123e-01 -5.132799672e-01
      vertex 5.000000000e-01 -7.071067812e-01 -5.000000000e-01
    endloop
  endfacet
  facet normal 3.565275425e-01 -7.669284462e-01 -5.335811746e-01
    outer loop
      vertex 2.126075237e-01 -8.314696123e-01 -5.132799672e-01
      vertex 3.928474792e-01 -8.314696123e-01 -3.928474792e-01
      vertex 5.000000000e-01 -7.071067812e-01 -5.000000000e-01
    endloop
  endfacet
  facet normal 5.335811746e-01 -7.669284462e-01 -3.565275425e-01
    outer loop
      vertex 5.000000000e-01 -7.071067812e-01 -5.000000000e-01
      vertex 3.928474792e-01 -8.314696123e-01 -3.928474792e-01
      vertex 6.532814824e-01 -7.071067812e-01 -2.705980501e-01
    endloop
  endfacet
  facet normal 5.335811746e-01 -7.669284462e-01 -3.565275425e-01
    outer loop
      vertex 3.928474792e-01 -8.314696123e-01 -3.928474792e-01
      vertex 5.132799672e-01 -8.314696123e-01 -2.126075237e-01
      vertex 6.532814824e-01 -7.071067812e-01 -2.705980501e-01
    endloop
  endfacet
  facet normal 6.294019099e-01 -7.669284462e-01 -1.251958239e-01
    outer loop
      vertex 6.532814824e-01 -7.071067812e-01 -2.705980501e-01
      vertex 5.132799672e-01 -8.314696123e-01 -2.126075237e-01
      vertex 7.071067812e-01 -7.071067812e-01 -1.731912112e-16
    endloop
  endfacet
  facet normal 6.294019099e-01 -7.669284462e-01 -1.251958239e-01
    outer loop
      vertex 5.132799672e-01 -8.314696123e-01 -2.126075237e-01
      vertex 5.555702330e-01 -8.314696123e-01 -1.360754615e-16
      vertex 7.071067812e-01 -7.071067812e-01 -1.731912112e-16
    endloop
  endfacet
  facet normal 4.693379993e-01 -8.780696374e-01 9.335713255e-02
    outer loop
      vertex 5.555702330e-01 -8.314696123e-01 0.000000000e+00
      vertex 3.826834324e-01 -9.238795325e-01 0.000000000e+00
      vertex 5.132799672e-01 -8.314696123e-01 2.126075237e-01
    endloop
  endfacet
  facet normal 4.693379993e-01 -8.780696374e-01 9.335713255e-02
    outer loop
      vertex 3.826834324e-01 -9.238795325e-01 0.000000000e+00
      vertex 3.535533906e-01 -9.238795325e-01 1.464466094e-01
      vertex 5.132799672e-01 -8.314696123e-01 2.126075237e-01
    endloop
  endfacet
  facet normal 3.978855435e-01 -8.780696374e-01 2.658586205e-01
    outer loop
      vertex 5.132799672e-01 -8.314696123e-01 2.126075237e-01
      vertex 3.535533906e-01 -9.238795325e-01 1.464466094e-01
      vertex 3.928474792e-01 -8.314696123e-01 3.928474792e-01
    endloop
  endfacet
  facet normal 3.978855435e-01 -8.780696374e-01 2.658586205e-01
    outer loop
      vertex 3.535533906e-01 -9.238795325e-01 1.464466094e-01
      vertex 2.705980501e-01 -9.238795325e-01 2.705980501e-01
      vertex 3.928474792e-01 -8.314696123e-01 3.928474792e-01
    endloop
  endfacet
  facet normal 2.658586205e-01 -8.780696374e-01 3.978855435e-01
    outer loop
      vertex 3.928474792e-01 -8.314696123e-01 3.928474792e-01
      vertex 2.705980501e-01 -9.238795325e-01 2.705980501e-01
      vertex 2.126075237e-01 -8.314696123e-01 5.132799672e-01
    endloop
  endfacet
  facet normal 2.658586205e-01 -8.780696374e-01 3.978855435e-01
    outer loop
      vertex 2.705980501e-01 -9.238795325e-01 2.705980501e-01
      vertex 1.464466094e-01 -9.238795325e-01 3.535533906e-01
      vertex 2.126075237e-01 -8.314696123e-01 5.132799672e-01
    endloop
  endfacet
  facet normal 9.335713255e-02 -8.780696374e-01 4.693379993e-01
    outer loop
      vertex 2.126075237e-01 -8.314696123e-01 5.132799672e-01
      vertex 1.464466094e-01 -9.238795325e-01 3.535533906e-01
      vertex 3.401886538e-17 -8.314696123e-01 5.555702330e-01
    endloop
  endfacet
  facet normal 9.335713255e-02 -8.780696374e-01 4.693379993e-01
    outer loop
      vertex 1.464466094e-01 -9.238795325e-01 3.535533906e-01
      vertex 2.343260203e-17 -9.238795325e-01 3.826834324e-01
      vertex 3.401886538e-17 -8.314696123e-01 5.555702330e-01
    endloop
  endfacet
  facet normal -9.335713255e-02 -8.780696374e-01 4.693379993e-01
    outer loop
      vertex 3.401886538e-17 -8.314696123e-01 5.555702330e-01
      vertex 2.343260203e-17 -9.238795325e-01 3.826834324e-01
      vertex -2.126075237e-01 -8.314696123e-01 5.132799672e-01
    endloop
  endfacet
  facet normal -9.335713255e-02 -8.780696374e-01 4.693379993e-01
    outer loop
      vertex 2.343260203e-17 -9.238795325e-01 3.826834324e-01
      vertex -1.464466094e-01 -9.238795325e-01 3.535533906e-01
      vertex -2.126075237e-01 -8.314696123e-01 5.132799672e-01
    endloop
  endfacet
  facet normal -2.658586205e-01 -8.780696374e-01 3.978855435e-01
    outer loop
      vertex -2.126075237e-01 -8.314696123e-01 5.132799672e-01
      vertex -1.464466094e-01 -9.238795325e-01 3.535533906e-01
      vertex -3.928474792e-01 -8.314696123e-01 3.928474792e-01
    endloop
  endfacet
  facet normal -2.658586205e-01 -8.780696374e-01 3.978855435e-01
    outer loop
      vertex -1.464466094e-01 -9.238795325e-01 3.535533906e-01
      vertex -2.705980501e-01 -9.238795325e-01 2.705980501e-01
      vertex -3.928474792e-01 -8.314696123e-01 3.928474792e-01
    endloop
  endfacet
  facet normal -3.978855435e-01 -8.780696374e-01 2.658586205e-01
    outer loop
      vertex -3.928474792e-01 -8.314696123e-01 3.928474792e-01
      vertex -2.705980501e-01 -9.238795325e-01 2.705980501e-01
      vertex -5.132799672e-01 -8.314696123e-01 2.126075237e-01
    endloop
  endfacet
  facet normal -3.978855435e-01 -8.780696374e-01 2.658586205e-01
    outer loop
      vertex -2.705980501e-01 -9.238795325e-01 2.705980501e-01
      vertex -3.535533906e-01 -9.238795325e-01 1.464466094e-01
      vertex -5.132799672e-01 -8.314696123e-01 2.126075237e-01
    endloop
  endfacet
  facet normal -4.693379993e-01 -8.780696374e-01 9.335713255e-02
    outer loop
      vertex -5.132799672e-01 -8.314696123e-01 2.126075237e-01
      vertex -3.535533906e-01 -9.238795325e-01 1.464466094e-01
      vertex -5.555702330e-01 -8.314696123e-01 6.803773076e-17
    endloop
  endfacet
  facet normal -4.693379993e-01 -8.780696374e-01 9.335713255e-02
    outer loop
      vertex -3.535533906e-01 -9.238795325e-01 1.464466094e-01
      vertex -3.826834324e-01 -9.238795325e-01 4.686520405e-17
      vertex -5.555702330e-01 -8.314696123e-01 6.803773076e-17
    endloop
  endfacet
  facet normal -4.693379993e-01 -8.780696374e-01 -9.335713255e-02
    outer loop
      vertex -5.555702330e-01 -8.314696123e-01 6.803773076e-17
      vertex -3.826834324e-01 -9.238795325e-01 4.686520405e-17
      vertex -5.132799672e-01 -8.314696123e-01 -2.126075237e-01
    endloop
  endfacet
  facet normal -4.693379993e-01 -8.780696374e-01 -9.335713255e-02
    outer loop
      vertex -3.826834324e-01 -9.238795325e-01 4.686520405e-17
      vertex -3.535533906e-01 -9.238795325e-01 -1.464466094e-01
      vertex -5.132799672e-01 -8.314696123e-01 -2.126075237e-01
    endloop
  endfacet
  facet normal -3.978855435e-01 -8.780696374e-01 -2.658586205e-01
    outer loop
      vertex -5.132799672e-01 -8.314696123e-01 -2.126075237e-01
      vertex -3.535533906e-01 -9.238795325e-01 -1.464466094e-01
      vertex -3.928474792e-01 -8.314696123e-01 -3.928474792e-01
    endloop
  endfacet
  facet normal -3.978855435e-01 -8.780696374e-01 -2.658586205e-01
    outer loop
      vertex -3.535533906e-01 -9.238795325e-01 -1.464466094e-01
      vertex -2.705980501e-01 -9.238795325e-01 -2.705980501e-01
      vertex -3.928474792e-01 -8.314696123e-01 -3.928474792e-01
    endloop
  endfacet
  facet normal -2.658586205e-01 -8.780696374e-01 -3.978855435e-01
    outer loop
      vertex -3.928474792e-01 -8.314696123e-01 -3.928474792e-01
      vertex -2.705980501e-01 -9.238795325e-01 -2.705980501e-01
      vertex -2.126075237e-01 -8.314696123e-01 -5.132799672e-01
    endloop
  endfacet
  facet normal -2.658586205e-01 -8.780696374e-01 -3.978855435e-01
    outer loop
      vertex -2.705980501e-01 -9.238795325e-01 -2.705980501e-01
      vertex -1.464466094e-01 -9.238795325e-01 -3.535533906e-01
      vertex -2.126075237e-01 -8.314696123e-01 -5.132799672e-01
    endloop
  endfacet
  facet normal -9.335713255e-02 -8.780696374e-01 -4.693379993e-01
    outer loop
      vertex -2.126075237e-01 -8.314696123e-01 -5.132799672e-01
      vertex -1.464466094e-01 -9.238795325e-01 -3.535533906e-01
      vertex -1.020565961e-16 -8.314696123e-01 -5.555702330e-01
    endloop
  endfacet
  facet normal -9.335713255e-02 -8.780696374e-01 -4.693379993e-01
    outer loop
      vertex -1.464466094e-01 -9.238795325e-01 -3.535533906e-01
      vertex -7.029780608e-17 -9.238795325e-01 -3.826834324e-01
      vertex -1.020565961e-16 -8.314696123e-01 -5.555702330e-01
    endloop
  endfacet
  facet normal 9.335713255e-02 -8.780696374e-01 -4.693379993e-01
    outer loop
      vertex -1.020565961e-16 -8.314696123e-01 -5.555702330e-01
      vertex -7.029780608e-17 -9.238795325e-01 -3.826834324e-01
      vertex 2.126075237e-01 -8.314696123e-01 -5.132799672e-01
    endloop
  endfacet
  facet normal 9.335713255e-02 -8.780696374e-01 -4.693379993e-01
    outer loop
      vertex -7.029780608e-17 -9.238795325e-01 -3.826834324e-01
      vertex 1.464466094e-01 -9.238795325e-01 -3.535533906e-01
      vertex 2.126075237e-01 -8.314696123e-01 -5.132799672e-01
    endloop
  endfacet
  facet normal 2.658586205e-01 -8.780696374e-01 -3.978855435e-01
    outer loop
      vertex 2.126075237e-01 -8.314696123e-01 -5.132799672e-01
      vertex 1.464466094e-01 -9.238795325e-01 -3.535533906e-01
      vertex 3.928474792e-01 -8.314696123e-01 -3.928474792e-01
    endloop
  endfacet
  facet normal 2.658586205e-01 -8.780696374e-01 -3.978855435e-01
    outer loop
      vertex 1.464466094e-01 -9.238795325e-01 -3.535533906e-01
      vertex 2.705980501e-01 -9.238795325e-01 -2.705980501e-01
      vertex 3.928474792e-01 -8.314696123e-01 -3.928474792e-01
    endloop
  endfacet
  facet normal 3.978855435e-01 -8.780696374e-01 -2.658586205e-01
    outer loop
      vertex 3.928474792e-01 -8.314696123e-01 -3.928474792e-01
      vertex 2.705980501e-01 -9.238795325e-01 -2.705980501e-01
      vertex 5.132799672e-01 -8.314696123e-01 -2.126075237e-01
    endloop
  endfacet
  facet normal 3.978855435e-01 -8.780696374e-01 -2.658586205e-01
    outer loop
      vertex 2.705980501e-01 -9.238795325e-01 -2.705980501e-01
      vertex 3.535533906e-01 -9.238795325e-01 -1.464466094e-01
      vertex 5.132799672e-01 -8.314696123e-01 -2.126075237e-01
    endloop
  endfacet
  facet normal 4.693379993e-01 -8.780696374e-01 -9.335713255e-02
    outer loop
      vertex 5.132799672e-01 -8.314696123e-01 -2.126075237e-01
      vertex 3.535533906e-01 -9.238795325e-01 -1.464466094e-01
      vertex 5.555702330e-01 -8.314696123e-01 -1.360754615e-16
    endloop
  endfacet
  facet normal 4.693379993e-01 -8.780696374e-01 -9.335713255e-02
    outer loop
      vertex 3.535533906e-01 -9.238795325e-01 -1.464466094e-01
      vertex 3.826834324e-01 -9.238795325e-01 -9.373040811e-17
      vertex 5.555702330e-01 -8.314696123e-01 -1.360754615e-16
    endloop
  endfacet
  facet normal 2.898019725e-01 -9.553490713e-01 5.764519642e-02
    outer loop
      vertex 3.826834324e-01 -9.238795325e-01 0.000000000e+00
      vertex 1.950903220e-01 -9.807852804e-01 0.000000000e+00
      vertex 3.535533906e-01 -9.238795325e-01 1.464466094e-01
    endloop
  endfacet
  facet normal 2.898019725e-01 -9.553490713e-01 5.764519642e-02
    outer loop
      vertex 1.950903220e-01 -9.807852804e-01 0.000000000e+00
      vertex 1.802399555e-01 -9.807852804e-01 7.465783405e-02
      vertex 3.535533906e-01 -9.238795325e-01 1.464466094e-01
    endloop
  endfacet
  facet normal 2.456822492e-01 -9.553490713e-01 1.641596306e-01
    outer loop
      vertex 3.535533906e-01 -9.238795325e-01 1.464466094e-01
      vertex 1.802399555e-01 -9.807852804e-01 7.465783405e-02
      vertex 2.705980501e-01 -9.238795325e-01 2.705980501e-01
    endloop
  endfacet
  facet normal 2.456822492e-01 -9.553490713e-01 1.641596306e-01
    outer loop
      vertex 1.802399555e-01 -9.807852804e-01 7.465783405e-02
      vertex 1.379496896e-01 -9.807852804e-01 1.379496896e-01
      vertex 2.705980501e-01 -9.238795325e-01 2.705980501e-01
    endloop
  endfacet
  facet normal 1.641596306e-01 -9.553490713e-01 2.456822492e-01
    outer loop
      vertex 2.705980501e-01 -9.238795325e-01 2.705980501e-01
      vertex 1.379496896e-01 -9.807852804e-01 1.379496896e-01
      vertex 1.464466094e-01 -9.238795325e-01 3.535533906e-01
    endloop
  endfacet
  facet normal 1.641596306e-01 -9.553490713e-01 2.456822492e-01
    outer loop
      vertex 1.379496896e-01 -9.807852804e-01 1.379496896e-01
      vertex 7.465783405e-02 -9.807852804e-01 1.802399555e-01
      vertex 1.464466094e-01 -9.238795325e-01 3.535533906e-01
    endloop
  endfacet
  facet normal 5.764519642e-02 -9.553490713e-01 2.898019725e-01
    outer loop
      vertex 1.464466094e-01 -9.238795325e-01 3.535533906e-01
      vertex 7.465783405e-02 -9.807852804e-01 1.802399555e-01
      vertex 2.343260203e-17 -9.238795325e-01 3.826834324e-01
    endloop
  endfacet
  facet normal 5.764519642e-02 -9.553490713e-01 2.898019725e-01
    outer loop
      vertex 7.465783405e-02 -9.807852804e-01 1.802399555e-01
      vertex 1.194583692e-17 -9.807852804e-01 1.950903220e-01
      vertex 2.343260203e-17 -9.238795325e-01 3.826834324e-01
    endloop
  endfacet
  facet normal -5.764519642e-02 -9.553490713e-01 2.898019725e-01
    outer loop
      vertex 2.343260203e-17 -9.238795325e-01 3.826834324e-01
      vertex 1.194583692e-17 -9.807852804e-01 1.950903220e-01
      vertex -1.464466094e-01 -9.238795325e-01 3.535533906e-01
    endloop
  endfacet
  facet normal -5.764519642e-02 -9.553490713e-01 2.898019725e-01
    outer loop
      vertex 1.194583692e-17 -9.807852804e-01 1.950903220e-01
      vertex -7.465783405e-02 -9.807852804e-01 1.802399555e-01
      vertex -1.464466094e-01 -9.238795325e-01 3.535533906e-01
    endloop
  endfacet
  facet normal -1.641596306e-01 -9.553490713e-01 2.456822492e-01
    outer loop
      vertex -1.464466094e-01 -9.238795325e-01 3.535533906e-01
      vertex -7.465783405e-02 -9.807852804e-01 1.802399555e-01
      vertex -2.705980501e-01 -9.238795325e-01 2.705980501e-01
    endloop
  endfacet
  facet normal -1.641596306e-01 -9.553490713e-01 2.456822492e-01
    outer loop
      vertex -7.465783405e-02 -9.807852804e-01 1.802399555e-01
      vertex -1.379496896e-01 -9.807852804e-01 1.379496896e-01
      vertex -2.705980501e-01 -9.238795325e-01 2.705980501e-01
    endloop
  endfacet
  facet normal -2.456822492e-01 -9.553490713e-01 1.641596306e-01
    outer loop
      vertex -2.705980501e-01 -9.238795325e-01 2.705980501e-01
      vertex -1.379496896e-01 -9.807852804e-01 1.379496896e-01
      vertex -3.535533906e-01 -9.238795325e-01 1.464466094e-01
    endloop
  endfacet
  facet normal -2.456822492e-01 -9.553490713e-01 1.641596306e-01
    outer loop
      vertex -1.379496896e-01 -9.807852804e-01 1.379496896e-01
      vertex -1.802399555e-01 -9.807852804e-01 7.465783405e-02
      vertex -3.535533906e-01 -9.238795325e-01 1.464466094e-01
    endloop
  endfacet
  facet normal -2.898019725e-01 -9.553490713e-01 5.764519642e-02
    outer loop
      vertex -3.535533906e-01 -9.238795325e-01 1.464466094e-01
      vertex -1.802399555e-01 -9.807852804e-01 7.465783405e-02
      vertex -3.826834324e-01 -9.238795325e-01 4.686520405e-17
    endloop
  endfacet
  facet normal -2.898019725e-01 -9.553490713e-01 5.764519642e-02
    outer loop
      vertex -1.802399555e-01 -9.807852804e-01 7.465783405e-02
      vertex -1.950903220e-01 -9.807852804e-01 2.389167384e-17
      vertex -3.826834324e-01 -9.238795325e-01 4.686520405e-17
    endloop
  endfacet
  facet normal -2.898019725e-01 -9.553490713e-01 -5.764519642e-02
    outer loop
      vertex -3.826834324e-01 -9.238795325e-01 4.686520405e-17
      vertex -1.950903220e-01 -9.807852804e-01 2.389167384e-17
      vertex -3.535533906e-01 -9.238795325e-01 -1.464466094e-01
    endloop
  endfacet
  facet normal -2.898019725e-01 -9.553490713e-01 -5.764519642e-02
    outer loop
      vertex -1.950903220e-01 -9.807852804e-01 2.389167384e-17
      vertex -1.802399555e-01 -9.807852804e-01 -7.465783405e-02
      vertex -3.535533906e-01 -9.238795325e-01 -1.464466094e-01
    endloop
  endfacet
  facet normal -2.456822492e-01 -9.553490713e-01 -1.641596306e-01
    outer loop
      vertex -3.535533906e-01 -9.238795325e-01 -1.464466094e-01
      vertex -1.802399555e-01 -9.807852804e-01 -7.465783405e-02
      vertex -2.705980501e-01 -9.238795325e-01 -2.705980501e-01
    endloop
  endfacet
  facet normal -2.456822492e-01 -9.553490713e-01 -1.641596306e-01
    outer loop
      vertex -1.802399555e-01 -9.807852804e-01 -7.465783405e-02
      vertex -1.379496896e-01 -9.807852804e-01 -1.379496896e-01
      vertex -2.705980501e-01 -9.238795325e-01 -2.705980501e-01
    endloop
  endfacet
  facet normal -1.641596306e-01 -9.553490713e-01 -2.456822492e-01
    outer loop
      vertex -2.705980501e-01 -9.238795325e-01 -2.705980501e-01
      vertex -1.379496896e-01 -9.807852804e-01 -1.379496896e-01
      vertex -1.464466094e-01 -9.238795325e-01 -3.535533906e-01
    endloop
  endfacet
  facet normal -1.641596306e-01 -9.553490713e-01 -2.456822492e-01
    outer loop
      vertex -1.379496896e-01 -9.807852804e-01 -1.379496896e-01
      vertex -7.465783405e-02 -9.807852804e-01 -1.802399555e-01
      vertex -1.464466094e-01 -9.238795325e-01 -3.535533906e-01
    endloop
  endfacet
  facet normal -5.764519642e-02 -9.553490713e-01 -2.898019725e-01
    outer loop
      vertex -1.464466094e-01 -9.238795325e-01 -3.535533906e-01
      vertex -7.465783405e-02 -9.807852804e-01 -1.802399555e-01
      vertex -7.029780608e-17 -9.238795325e-01 -3.826834324e-01
    endloop
  endfacet
  facet normal -5.764519642e-02 -9.553490713e-01 -2.898019725e-01
    outer loop
      vertex -7.465783405e-02 -9.807852804e-01 -1.802399555e-01
      vertex -3.583751076e-17 -9.807852804e-01 -1.950903220e-01
      vertex -7.029780608e-17 -9.238795325e-01 -3.826834324e-01
    endloop
  endfacet
  facet normal 5.764519642e-02 -9.553490713e-01 -2.898019725e-01
    outer loop
      vertex -7.029780608e-17 -9.238795325e-01 -3.826834324e-01
      vertex -3.583751076e-17 -9.807852804e-01 -1.950903220e-01
      vertex 1.464466094e-01 -9.238795325e-01 -3.535533906e-01
    endloop
  endfacet
  facet normal 5.764519642e-02 -9.553490713e-01 -2.898019725e-01
    outer loop
      vertex -3.583751076e-17 -9.807852804e-01 -1.950903220e-01
      vertex 7.465783405e-02 -9.807852804e-01 -1.802399555e-01
      vertex 1.464466094e-01 -9.238795325e-01 -3.535533906e-01
    endloop
  endfacet
  facet normal 1.641596306e-01 -9.553490713e-01 -2.456822492e-01
    outer loop
      vertex 1.464466094e-01 -9.238795325e-01 -3.535533906e-01
      vertex 7.465783405e-02 -9.807852804e-01 -1.802399555e-01
      vertex 2.705980501e-01 -9.238795325e-01 -2.705980501e-01
    endloop
  endfacet
  facet normal 1.641596306e-01 -9.553490713e-01 -2.456822492e-01
    outer loop
      vertex 7.465783405e-02 -9.807852804e-01 -1.802399555e-01
      vertex 1.379496896e-01 -9.807852804e-01 -1.379496896e-01
      vertex 2.705980501e-01 -9.238795325e-01 -2.705980501e-01
    endloop
  endfacet
  facet normal 2.456822492e-01 -9.553490713e-01 -1.641596306e-01
    outer loop
      vertex 2.705980501e-01 -9.238795325e-01 -2.705980501e-01
      vertex 1.379496896e-01 -9.807852804e-01 -1.379496896e-01
      vertex 3.535533906e-01 -9.238795325e-01 -1.464466094e-01
    endloop
  endfacet
  facet normal 2.456822492e-01 -9.553490713e-01 -1.641596306e-01
    outer loop
      vertex 1.379496896e-01 -9.807852804e-01 -1.379496896e-01
      vertex 1.802399555e-01 -9.807852804e-01 -7.465783405e-02
      vertex 3.535533906e-01 -9.238795325e-01 -1.464466094e-01
    endloop
  endfacet
  facet normal 2.898019725e-01 -9.553490713e-01 -5.764519642e-02
    outer loop
      vertex 3.535533906e-01 -9.238795325e-01 -1.464466094e-01
      vertex 1.802399555e-01 -9.807852804e-01 -7.465783405e-02
      vertex 3.826834324e-01 -9.238795325e-01 -9.373040811e-17
    endloop
  endfacet
  facet normal 2.898019725e-01 -9.553490713e-01 -5.764519642e-02
    outer loop
      vertex 1.802399555e-01 -9.807852804e-01 -7.465783405e-02
      vertex 1.950903220e-01 -9.807852804e-01 -4.778334768e-17
      vertex 3.826834324e-01 -9.238795325e-01 -9.373040811e-17
    endloop
  endfacet
  facet normal 9.799851621e-02 -9.949956328e-01 1.949311686e-02
    outer loop
      vertex 1.950903220e-01 -9.807852804e-01 0.000000000e+00
      vertex 1.224646799e-16 -1.000000000e+00 0.000000000e+00
      vertex 1.802399555e-01 -9.807852804e-01 7.465783405e-02
    endloop
  endfacet
  facet normal 9.799851621e-02 -9.949956328e-01 1.949311686e-02
    outer loop
      vertex 1.224646799e-16 -1.000000000e+00 0.000000000e+00
      vertex 1.131426112e-16 -1.000000000e+00 4.686520405e-17
      vertex 1.802399555e-01 -9.807852804e-01 7.465783405e-02
    endloop
  endfacet
  facet normal 8.307913047e-02 -9.949956328e-01 5.551170024e-02
    outer loop
      vertex 1.802399555e-01 -9.807852804e-01 7.465783405e-02
      vertex 1.131426112e-16 -1.000000000e+00 4.686520405e-17
      vertex 1.379496896e-01 -9.807852804e-01 1.379496896e-01
    endloop
  endfacet
  facet normal 8.307913047e-02 -9.949956328e-01 5.551170024e-02
    outer loop
      vertex 1.131426112e-16 -1.000000000e+00 4.686520405e-17
      vertex 8.659560562e-17 -1.000000000e+00 8.659560562e-17
      vertex 1.379496896e-01 -9.807852804e-01 1.379496896e-01
    endloop
  endfacet
  facet normal 5.551170024e-02 -9.949956328e-01 8.307913047e-02
    outer loop
      vertex 1.379496896e-01 -9.807852804e-01 1.379496896e-01
      vertex 8.659560562e-17 -1.000000000e+00 8.659560562e-17
      vertex 7.465783405e-02 -9.807852804e-01 1.802399555e-01
    endloop
  endfacet
  facet normal 5.551170024e-02 -9.949956328e-01 8.307913047e-02
    outer loop
      vertex 8.659560562e-17 -1.000000000e+00 8.659560562e-17
      vertex 4.686520405e-17 -1.000000000e+00 1.131426112e-16
      vertex 7.465783405e-02 -9.807852804e-01 1.802399555e-01
    endloop
  endfacet
  facet normal 1.949311686e-02 -9.949956328e-01 9.799851621e-02
    outer loop
      vertex 7.465783405e-02 -9.807852804e-01 1.802399555e-01
      vertex 4.686520405e-17 -1.000000000e+00 1.131426112e-16
      vertex 1.194583692e-17 -9.807852804e-01 1.950903220e-01
    endloop
  endfacet
  facet normal 1.949311686e-02 -9.949956328e-01 9.799851621e-02
    outer loop
      vertex 4.686520405e-17 -1.000000000e+00 1.131426112e-16
      vertex 7.498798913e-33 -1.000000000e+00 1.224646799e-16
      vertex 1.194583692e-17 -9.807852804e-01 1.950903220e-01
    endloop
  endfacet
  facet normal -1.949311686e-02 -9.949956328e-01 9.799851621e-02
    outer loop
      vertex 1.194583692e-17 -9.807852804e-01 1.950903220e-01
      vertex 7.498798913e-33 -1.000000000e+00 1.224646799e-16
      vertex -7.465783405e-02 -9.807852804e-01 1.802399555e-01
    endloop
  endfacet
  facet normal -1.949311686e-02 -9.949956328e-01 9.799851621e-02
    outer loop
      vertex 7.498798913e-33 -1.000000000e+00 1.224646799e-16
      vertex -4.686520405e-17 -1.000000000e+00 1.131426112e-16
      vertex -7.465783405e-02 -9.807852804e-01 1.802399555e-01
    endloop
  endfacet
  facet normal -5.551170024e-02 -9.949956328e-01 8.307913047e-02
    outer loop
      vertex -7.465783405e-02 -9.807852804e-01 1.802399555e-01
      vertex -4.686520405e-17 -1.000000000e+00 1.131426112e-16
      vertex -1.379496896e-01 -9.807852804e-01 1.379496896e-01
    endloop
  endfacet
  facet normal -5.551170024e-02 -9.949956328e-01 8.307913047e-02
    outer loop
      vertex -4.686520405e-17 -1.000000000e+00 1.131426112e-16
      vertex -8.659560562e-17 -1.000000000e+00 8.659560562e-17
      vertex -1.379496896e-01 -9.807852804e-01 1.379496896e-01
    endloop
  endfacet
  facet normal -8.307913047e-02 -9.949956328e-01 5.551170024e-02
    outer loop
      vertex -1.379496896e-01 -9.807852804e-01 1.379496896e-01
      vertex -8.659560562e-17 -1.000000000e+00 8.659560562e-17
      vertex -1.802399555e-01 -9.807852804e-01 7.465783405e-02
    endloop
  endfacet
  facet normal -8.307913047e-02 -9.949956328e-01 5.551170024e-02
    outer loop
      vertex -8.659560562e-17 -1.000000000e+00 8.659560562e-17
      vertex -1.131426112e-16 -1.000000000e+00 4.686520405e-17
      vertex -1.802399555e-01 -9.807852804e-01 7.465783405e-02
    endloop
  endfacet
  facet normal -9.799851621e-02 -9.949956328e-01 1.949311686e-02
    outer loop
      vertex -1.802399555e-01 -9.807852804e-01 7.465783405e-02
      vertex -1.131426112e-16 -1.000000000e+00 4.686520405e-17
      vertex -1.950903220e-01 -9.807852804e-01 2.389167384e-17
    endloop
  endfacet
  facet normal -9.799851621e-02 -9.949956328e-01 1.949311686e-02
    outer loop
      vertex -1.131426112e-16 -1.000000000e+00 4.686520405e-17
      vertex -1.224646799e-16 -1.000000000e+00 1.499759783e-32
      vertex -1.950903220e-01 -9.807852804e-01 2.389167384e-17
    endloop
  endfacet
  facet normal -9.799851621e-02 -9.949956328e-01 -1.949311686e-02
    outer loop
      vertex -1.950903220e-01 -9.807852804e-01 2.389167384e-17
      vertex -1.224646799e-16 -1.000000000e+00 1.499759783e-32
      vertex -1.802399555e-01 -9.807852804e-01 -7.465783405e-02
    endloop
  endfacet
  facet normal -9.799851621e-02 -9.949956328e-01 -1.949311686e-02
    outer loop
      vertex -1.224646799e-16 -1.000000000e+00 1.499759783e-32
      vertex -1.131426112e-16 -1.000000000e+00 -4.686520405e-17
      vertex -1.802399555e-01 -9.807852804e-01 -7.465783405e-02
    endloop
  endfacet
  facet normal -8.307913047e-02 -9.949956328e-01 -5.551170024e-02
    outer loop
      vertex -1.802399555e-01 -9.807852804e-01 -7.465783405e-02
      vertex -1.131426112e-16 -1.000000000e+00 -4.686520405e-17
      vertex -1.379496896e-01 -9.807852804e-01 -1.379496896e-01
    endloop
  endfacet
  facet normal -8.307913047e-02 -9.949956328e-01 -5.551170024e-02
    outer loop
      vertex -1.131426112e-16 -1.000000000e+00 -4.686520405e-17
      vertex -8.659560562e-17 -1.000000000e+00 -8.659560562e-17
      vertex -1.379496896e-01 -9.807852804e-01 -1.379496896e-01
    endloop
  endfacet
  facet normal -5.551170024e-02 -9.949956328e-01 -8.307913047e-02
    outer loop
      vertex -1.379496896e-01 -9.807852804e-01 -1.379496896e-01
      vertex -8.659560562e-17 -1.000000000e+00 -8.659560562e-17
      vertex -7.465783405e-02 -9.807852804e-01 -1.802399555e-01
    endloop
  endfacet
  facet normal -5.551170024e-02 -9.949956328e-01 -8.307913047e-02
    outer loop
      vertex -8.659560562e-17 -1.000000000e+00 -8.659560562e-17
      vertex -4.686520405e-17 -1.000000000e+00 -1.131426112e-16
      vertex -7.465783405e-02 -9.807852804e-01 -1.802399555e-01
    endloop
  endfacet
  facet normal -1.949311686e-02 -9.949956328e-01 -9.799851621e-02
    outer loop
      vertex -7.465783405e-02 -9.807852804e-01 -1.802399555e-01
      vertex -4.686520405e-17 -1.000000000e+00 -1.131426112e-16
      vertex -3.583751076e-17 -9.807852804e-01 -1.950903220e-01
    endloop
  endfacet
  facet normal -1.949311686e-02 -9.949956328e-01 -9.799851621e-02
    outer loop
      vertex -4.686520405e-17 -1.000000000e+00 -1.131426112e-16
      vertex -2.249639674e-32 -1.000000000e+00 -1.224646799e-16
      vertex -3.583751076e-17 -9.807852804e-01 -1.950903220e-01
    endloop
  endfacet
  facet normal 1.949311686e-02 -9.949956328e-01 -9.799851621e-02
    outer loop
      vertex -3.583751076e-17 -9.807852804e-01 -1.950903220e-01
      vertex -2.249639674e-32 -1.000000000e+00 -1.224646799e-16
      vertex 7.465783405e-02 -9.807852804e-01 -1.802399555e-01
    endloop
  endfacet
  facet normal 1.949311686e-02 -9.949956328e-01 -9.799851621e-02
    outer loop
      vertex -2.249639674e-32 -1.000000000e+00 -1.224646799e-16
      vertex 4.686520405e-17 -1.000000000e+00 -1.131426112e-16
      vertex 7.465783405e-02 -9.807852804e-01 -1.802399555e-01
    endloop
  endfacet
  facet normal 5.551170024e-02 -9.949956328e-01 -8.307913047e-02
    outer loop
      vertex 7.465783405e-02 -9.807852804e-01 -1.802399555e-01
      vertex 4.686520405e-17 -1.000000000e+00 -1.131426112e-16
      vertex 1.379496896e-01 -9.807852804e-01 -1.379496896e-01
    endloop
  endfacet
  facet normal 5.551170024e-02 -9.949956328e-01 -8.307913047e-02
    outer loop
      vertex 4.686520405e-17 -1.000000000e+00 -1.131426112e-16
      vertex 8.659560562e-17 -1.000000000e+00 -8.659560562e-17
      vertex 1.379496896e-01 -9.807852804e-01 -1.379496896e-01
    endloop
  endfacet
  facet normal 8.307913047e-02 -9.949956328e-01 -5.551170024e-02
    outer loop
      vertex 1.379496896e-01 -9.807852804e-01 -1.379496896e-01
      vertex 8.659560562e-17 -1.000000000e+00 -8.659560562e-17
      vertex 1.802399555e-01 -9.807852804e-01 -7.465783405e-02
    endloop
  endfacet
  facet normal 8.307913047e-02 -9.949956328e-01 -5.551170024e-02
    outer loop
      vertex 8.659560562e-17 -1.000000000e+00 -8.659560562e-17
      vertex 1.131426112e-16 -1.000000000e+00 -4.686520405e-17
      vertex 1.802399555e-01 -9.807852804e-01 -7.465783405e-02
    endloop
  endfacet
  facet normal 9.799851621e-02 -9.949956328e-01 -1.949311686e-02
    outer loop
      vertex 1.802399555e-01 -9.807852804e-01 -7.465783405e-02
      vertex 1.131426112e-16 -1.000000000e+00 -4.686520405e-17
      vertex 1.950903220e-01 -9.807852804e-01 -4.778334768e-17
    endloop
  endfacet
  facet normal 9.799851621e-02 -9.949956328e-01 -1.949311686e-02
    outer loop
      vertex 1.131426112e-16 -1.000000000e+00 -4.686520405e-17
      vertex 1.224646799e-16 -1.000000000e+00 -2.999519565e-32
      vertex 1.950903220e-01 -9.807852804e-01 -4.778334768e-17
    endloop
  endfacet
endsolid sph
